<?xml version="1.0" encoding="UTF-8"?>

<Bundle xmlns="http://hl7.org/fhir">
  <id value="0b2f7459-6f5d-44df-a442-95e882b4e03a"/>
  <meta>
    <lastUpdated value="2019-11-20T16:50:27.182+01:00"/>
  </meta>
  <type value="collection"/>
  <entry>
    <resource>
      <ValueSet>
        <text>
          <status value="generated"/>
          <div xmlns="http://www.w3.org/1999/xhtml">
            <p>This value set contains 3 concepts</p>
            <p style="border: black 1px dotted; background-color: #EEEEEE; padding: 8px">Expansion based on SNOMED CT 11000201108 edition 06-Mar 2017</p>
            <p>All codes from system 
              <a href="http://hl7.org/fhir/R4/codesystem-snomedct.html">
                <code>http://snomed.info/sct</code>
              </a>
            </p>
            <table class="codes">
              <tr>
                <td style="white-space:nowrap">
                  <b>Code</b>
                </td>
                <td>
                  <b>Display</b>
                </td>
                <td>
                  <b>Definition</b>
                </td>
              </tr>
              <tr>
                <td style="white-space:nowrap">
                  <a name="http---snomed.info-sct-447694001"> </a>
                  <a href="http://browser.ihtsdotools.org/?perspective=full&amp;conceptId1=447694001">447694001</a>
                </td>
                <td>Respiratory tract route</td>
                <td/>
              </tr>
              <tr>
                <td style="white-space:nowrap">
                  <a name="http---snomed.info-sct-6064005"> </a>
                  <a href="http://browser.ihtsdotools.org/?perspective=full&amp;conceptId1=6064005">6064005</a>
                </td>
                <td>Topical route</td>
                <td/>
              </tr>
              <tr>
                <td style="white-space:nowrap">
                  <a name="http---snomed.info-sct-26643006"> </a>
                  <a href="http://browser.ihtsdotools.org/?perspective=full&amp;conceptId1=26643006">26643006</a>
                </td>
                <td>Oral route</td>
                <td/>
              </tr>
            </table>
          </div>
        </text>
        <expansion>
          <identifier value="urn:uuid:727cb8bc-cfd7-4253-ad82-7f2471936aa2"/>
          <timestamp value="2019-11-20T15:26:07.997Z"/>
          <parameter>
            <name value="limitedExpansion"/>
            <valueString value="-1"/>
          </parameter>
          <parameter>
            <name value="version"/>
            <valueString value="http://snomed.info/sct|http://snomed.info/sct/11000201108/version/20170306"/>
          </parameter>
          <contains>
            <system value="http://snomed.info/sct"/>
            <code value="447694001"/>
            <display value="Respiratory tract route"/>
          </contains>
          <contains>
            <system value="http://snomed.info/sct"/>
            <code value="6064005"/>
            <display value="Topical route"/>
          </contains>
          <contains>
            <system value="http://snomed.info/sct"/>
            <code value="26643006"/>
            <display value="Oral route"/>
          </contains>
        </expansion>
      </ValueSet>
    </resource>
  </entry>
</Bundle>