<?xml version="1.0" encoding="UTF-8"?>

<CodeSystem xmlns="http://hl7.org/fhir">
  <id value="cd-civilstate"/>
  <text>
    <status value="generated"/><div xmlns="http://www.w3.org/1999/xhtml"><h2>CivilState</h2><div><p>Civil state in Belgium.</p>
</div><p>This code system https://www.ehealth.fgov.be/standards/fhir/CodeSystem/cd-civilstate defines the following codes:</p><table class="codes"><tr><td style="white-space:nowrap"><b>Code</b></td><td><b>Definition</b></td></tr><tr><td style="white-space:nowrap">10<a name="cd-civilstate-10"> </a></td><td/></tr><tr><td style="white-space:nowrap">20<a name="cd-civilstate-20"> </a></td><td/></tr><tr><td style="white-space:nowrap">25<a name="cd-civilstate-25"> </a></td><td/></tr><tr><td style="white-space:nowrap">26<a name="cd-civilstate-26"> </a></td><td/></tr><tr><td style="white-space:nowrap">30<a name="cd-civilstate-30"> </a></td><td/></tr><tr><td style="white-space:nowrap">40<a name="cd-civilstate-40"> </a></td><td/></tr><tr><td style="white-space:nowrap">41<a name="cd-civilstate-41"> </a></td><td/></tr><tr><td style="white-space:nowrap">50<a name="cd-civilstate-50"> </a></td><td/></tr><tr><td style="white-space:nowrap">51<a name="cd-civilstate-51"> </a></td><td/></tr><tr><td style="white-space:nowrap">60<a name="cd-civilstate-60"> </a></td><td/></tr><tr><td style="white-space:nowrap">80<a name="cd-civilstate-80"> </a></td><td/></tr><tr><td style="white-space:nowrap">81<a name="cd-civilstate-81"> </a></td><td/></tr></table></div>
  </text>
  <url value="https://www.ehealth.fgov.be/standards/fhir/CodeSystem/cd-civilstate"/>
  <version value="1.0.0"/>
  <name value="CivilState"/>
  <title value="CivilState"/>
  <status value="active"/>
  <experimental value="false"/>
  <date value="2019-12-16T15:10:42+01:00"/>
  <publisher value="eHealth Platform"/>
  <contact>
    <telecom>
      <system value="other"/>
      <value value="http://hl7.org/Special/committees/fiwg"/>
    </telecom>
  </contact>
  <description value="Civil state in Belgium."/>
  <jurisdiction>
    <coding>
      <system value="http://unstats.un.org/unsd/methods/m49/m49.htm"/>
      <code value="001"/>
    </coding>
  </jurisdiction>
  <caseSensitive value="false"/>
  <content value="complete"/>
  <concept>
    <code value="10"/>
    <designation>
      <language value="en"/>
      <value value="Unmarried"/>
    </designation>
    <designation>
      <language value="nl-BE"/>
      <value value="Ongehuwd"/>
    </designation>
    <designation>
      <language value="fr-BE"/>
      <value value="C&#xE9;libataire"/>
    </designation>
  </concept>
  <concept>
    <code value="20"/>
    <designation>
      <language value="en"/>
      <value value="Married"/>
    </designation>
    <designation>
      <language value="nl-BE"/>
      <value value="Gehuwd"/>
    </designation>
    <designation>
      <language value="fr-BE"/>
      <value value="Mari&#xE9;"/>
    </designation>
  </concept>
  <concept>
    <code value="25"/>
    <designation>
      <language value="en"/>
      <value value="Annuled"/>
    </designation>
    <designation>
      <language value="nl-BE"/>
      <value value="Nietigverklaring van het huwelijk"/>
    </designation>
    <designation>
      <language value="fr-BE"/>
      <value value="Annulation de marriage"/>
    </designation>
  </concept>
  <concept>
    <code value="26"/>
    <designation>
      <language value="en"/>
      <value value="Putative marriage"/>
    </designation>
    <designation>
      <language value="nl-BE"/>
      <value value="Putatief huwelijk"/>
    </designation>
    <designation>
      <language value="fr-BE"/>
      <value value="Mariage putatif"/>
    </designation>
  </concept>
  <concept>
    <code value="30"/>
    <designation>
      <language value="en"/>
      <value value="Widowed"/>
    </designation>
    <designation>
      <language value="nl-BE"/>
      <value value="Weduwnaar/weduwe"/>
    </designation>
    <designation>
      <language value="fr-BE"/>
      <value value="Veuf/veuve"/>
    </designation>
  </concept>
  <concept>
    <code value="40"/>
    <designation>
      <language value="en"/>
      <value value="Divorced"/>
    </designation>
    <designation>
      <language value="nl-BE"/>
      <value value="Echtgescheiden"/>
    </designation>
    <designation>
      <language value="fr-BE"/>
      <value value="Divorced"/>
    </designation>
  </concept>
  <concept>
    <code value="41"/>
    <designation>
      <language value="en"/>
      <value value="Divorced since 1/10/1994"/>
    </designation>
    <designation>
      <language value="nl-BE"/>
      <value value="Echtgescheiden vanaf 1/10/1994"/>
    </designation>
    <designation>
      <language value="fr-BE"/>
      <value value="Divorc&#xE9; &#xE0; partir du 1/10/1994"/>
    </designation>
  </concept>
  <concept>
    <code value="50"/>
    <designation>
      <language value="en"/>
      <value value="Legal separation"/>
    </designation>
    <designation>
      <language value="nl-BE"/>
      <value value="Gescheiden van tafel en bed"/>
    </designation>
    <designation>
      <language value="fr-BE"/>
      <value value="S&#xE9;par&#xE9; de corps et de biens"/>
    </designation>
  </concept>
  <concept>
    <code value="51"/>
    <designation>
      <language value="en"/>
      <value value="Legal separation since 1/10/1994"/>
    </designation>
    <designation>
      <language value="nl-BE"/>
      <value value="Gescheiden van tafel en bed sinds 1/10/1994"/>
    </designation>
    <designation>
      <language value="fr-BE"/>
      <value value="S&#xE9;par&#xE9; de corps et de biens &#xE0; partir du 1/10/1994"/>
    </designation>
  </concept>
  <concept>
    <code value="60"/>
    <designation>
      <language value="en"/>
      <value value="Repudiation"/>
    </designation>
    <designation>
      <language value="nl-BE"/>
      <value value="Verstoting"/>
    </designation>
    <designation>
      <language value="fr-BE"/>
      <value value="R&#xE9;pudiation"/>
    </designation>
  </concept>
  <concept>
    <code value="80"/>
    <designation>
      <language value="en"/>
      <value value="Partnership"/>
    </designation>
    <designation>
      <language value="nl-BE"/>
      <value value="Partnerschap"/>
    </designation>
    <designation>
      <language value="fr-BE"/>
      <value value="Partenariat"/>
    </designation>
  </concept>
  <concept>
    <code value="81"/>
    <designation>
      <language value="en"/>
      <value value="End of partnership"/>
    </designation>
    <designation>
      <language value="nl-BE"/>
      <value value="Partnerschap beeindigd"/>
    </designation>
    <designation>
      <language value="fr-BE"/>
      <value value="Fin de partenariat"/>
    </designation>
  </concept>
</CodeSystem>