<?xml version="1.0" encoding="UTF-8"?>

<Practitioner xmlns="http://hl7.org/fhir">
  <id value="practitioner1"/>
  <meta>
    <versionId value="1"/>
    <lastUpdated value="2019-07-01T13:30:55.864+00:00"/>
    <profile value="https://www.ehealth.fgov.be/standards/fhir/StructureDefinition/be-practitioner"/>
  </meta>
  <text>
    <status value="generated"/><div xmlns="http://www.w3.org/1999/xhtml">
      <div class="hapiHeaderText">Katherine<b>Pulaski</b></div>
      <table class="hapiPropertyTable">
        <tbody>
          <tr>
            <td>Identifier</td>
            <td>79121137740</td>
          </tr>
          <tr>
            <td>Address</td>
            <td>
              <span>Grimbergen</span>
              <span>BE </span>
            </td>
          </tr>
          <tr>
            <td>Date of birth</td>
            <td>
              <span>11 December 1979</span>
            </td>
          </tr>
        </tbody>
      </table>
    </div>
  </text>
  <identifier>
    <use value="official"/>
    <system value="https://www.ehealth.fgov.be/standards/fhir/NamingSystem/ssin"/>
    <value value="79121137740"/>
  </identifier>
  <identifier>
    <use value="official"/>
    <system value="https://www.ehealth.fgov.be/standards/fhir/NamingSystem/nihdi"/>
    <value value="18749704477"/>
  </identifier>
  <name>
    <use value="official"/>
    <family value="Pulaski"/>
    <given value="Katherine"/>
    <suffix value="MD"/>
  </name>
  <telecom>
    <system value="phone"/>
    <value value="022675198"/>
    <use value="work"/>
  </telecom>
  <telecom>
    <system value="email"/>
    <value value="katherine.pulaski@enterprisehospital.be"/>
    <use value="work"/>
  </telecom>
  <telecom>
    <system value="fax"/>
    <value value="022675209"/>
    <use value="work"/>
  </telecom>
  <address>
    <use value="home"/>
    <text value="Jupiterlaan 5, 1853 Grimbergen"/>
    <line value="Jupiterlaan 5">
      <extension url="http://hl7.org/fhir/StructureDefinition/iso21090-ADXP-streetName">
        <valueString value="Jupiterlaan"/>
      </extension>
      <extension url="http://hl7.org/fhir/StructureDefinition/iso21090-ADXP-houseNumber">
        <valueString value="5"/>
      </extension>
    </line>
    <city value="Grimbergen"/>
    <postalCode value="1853"/>
    <country value="BE"/>
  </address>
  <gender value="female"/>
  <birthDate value="1979-12-11"/>
</Practitioner>