{"resourceType":"ImplementationGuide","id":"hl7.be.core","text":{"status":"generated","div":"<div xmlns=\"http://www.w3.org/1999/xhtml\"><h2>Core IG</h2><p>The official URL for this implementation guide is: </p><pre>https://www.ehealth.fgov.be/standards/fhir/ImplementationGuide/hl7.be.core</pre><div><p>The Core Belgian Profiles provide the essential and common requirement for FHIR implementations in Belgium</p>\n</div></div>"},"url":"https://www.ehealth.fgov.be/standards/fhir/ImplementationGuide/hl7.be.core","version":"1.0.0","name":"Core IG","status":"active","experimental":false,"date":"2019-12-10T14:09:41+01:00","publisher":"eHealth Platform","contact":[{"telecom":[{"system":"other","value":"http://hl7.org/Special/committees/fiwg"}]}],"description":"The Core Belgian Profiles provide the essential and common requirement for FHIR implementations in Belgium","jurisdiction":[{"coding":[{"system":"http://unstats.un.org/unsd/methods/m49/m49.htm","code":"001"}]}],"fhirVersion":"4.0.1","package":[{"id":"core","name":"Core Profiles","description":"Core resources to be reused in other resources","resource":[{"extension":[{"url":"http://hl7.org/fhir/StructureDefinition/implementationguide-page","valueUri":"be-patient.html"}],"example":false,"name":"Patient core BE profile","description":"The Core BE profile for Patient","sourceReference":{"reference":"StructureDefinition/be-patient"}},{"extension":[{"url":"http://hl7.org/fhir/StructureDefinition/implementationguide-page","valueUri":"be-practitioner.html"}],"example":false,"name":"Practitioner core BE profile","description":"The Core BE profile for Practitioner","sourceReference":{"reference":"StructureDefinition/be-practitioner"}},{"extension":[{"url":"http://hl7.org/fhir/StructureDefinition/implementationguide-page","valueUri":"be-observationcodeableconcept.html"}],"example":false,"name":"Observation codeable concept core BE profile","description":"The Core BE profile for Observation codeable concept","sourceReference":{"reference":"StructureDefinition/be-observationcodeableconcept"}},{"extension":[{"url":"http://hl7.org/fhir/StructureDefinition/implementationguide-page","valueUri":"be-provenance.html"}],"example":false,"name":"Provenance core BE profile","description":"The Core BE profile for Provenance","sourceReference":{"reference":"StructureDefinition/be-provenance"}},{"extension":[{"url":"http://hl7.org/fhir/StructureDefinition/implementationguide-page","valueUri":"be-organization.html"}],"example":false,"name":"Organization core BE profile","description":"The Core BE profile for Organization","sourceReference":{"reference":"StructureDefinition/be-organization"}},{"extension":[{"url":"http://hl7.org/fhir/StructureDefinition/implementationguide-page","valueUri":"be-address.html"}],"example":false,"name":"Address core BE profile","description":"The Core BE profile for Address","sourceReference":{"reference":"StructureDefinition/be-address"}},{"extension":[{"url":"http://hl7.org/fhir/StructureDefinition/implementationguide-page","valueUri":"be-practitionerrole.html"}],"example":false,"name":"Practitioner Role core BE profile","description":"The Core BE profile for Practitioner Role","sourceReference":{"reference":"StructureDefinition/be-practitionerrole"}}]},{"id":"condition","name":"Conditions","description":"Resource profiles defined for conditions","resource":[{"extension":[{"url":"http://hl7.org/fhir/StructureDefinition/implementationguide-page","valueUri":"be-allergyintolerance.html"}],"example":false,"name":"Allergy Intolerance core BE profile","description":"The Core BE profile for Allergy Intolerance","sourceReference":{"reference":"StructureDefinition/be-allergyintolerance"}},{"extension":[{"url":"http://hl7.org/fhir/StructureDefinition/implementationguide-page","valueUri":"be-observation.html"}],"example":false,"name":"Observation core BE profile","description":"The Core BE profile for Observation","sourceReference":{"reference":"StructureDefinition/be-observation"}}]},{"id":"terminology","name":"Terminology","description":"Terminology resources - ValueSets and CodeSystems","resource":[{"extension":[{"url":"http://hl7.org/fhir/StructureDefinition/implementationguide-page","valueUri":"valueset-be-exposureroute.html"}],"example":false,"name":"Valueset exposureroute","description":"The valueset for exposureroute","sourceReference":{"reference":"ValueSet/be-exposureroute"}},{"extension":[{"url":"http://hl7.org/fhir/StructureDefinition/implementationguide-page","valueUri":"valueset-be-causativeagent.html"}],"example":false,"name":"Valueset causative agent","description":"The valueset for causative agent","sourceReference":{"reference":"ValueSet/be-causativeagent"}},{"extension":[{"url":"http://hl7.org/fhir/StructureDefinition/implementationguide-page","valueUri":"valueset-be-civilstate.html"}],"example":false,"name":"Valueset civil state","description":"The valueset for civil state","sourceReference":{"reference":"ValueSet/be-civilstate"}},{"extension":[{"url":"http://hl7.org/fhir/StructureDefinition/implementationguide-page","valueUri":"valueset-be-contactperson.html"}],"example":false,"name":"Valueset contact person","description":"The valueset for contact person","sourceReference":{"reference":"ValueSet/be-contactperson"}},{"extension":[{"url":"http://hl7.org/fhir/StructureDefinition/implementationguide-page","valueUri":"valueset-be-riskmanifestation.html"}],"example":false,"name":"Valueset risk manifestation","description":"The valueset for risk manifestation","sourceReference":{"reference":"ValueSet/be-riskmanifestation"}},{"extension":[{"url":"http://hl7.org/fhir/StructureDefinition/implementationguide-page","valueUri":"valueset-be-allergyintolerancecode.html"}],"example":false,"name":"Valueset allergy intolerance code","description":"The valueset for the code for allergy/intolerance","sourceReference":{"reference":"ValueSet/be-allergyintolerancecode"}},{"extension":[{"url":"http://hl7.org/fhir/StructureDefinition/implementationguide-page","valueUri":"valueset-be-noallergy.html"}],"example":false,"name":"Valueset no allergies","description":"The valueset for the code for no allergies","sourceReference":{"reference":"ValueSet/be-noallergy"}},{"extension":[{"url":"http://hl7.org/fhir/StructureDefinition/implementationguide-page","valueUri":"cd-hcparty.html"}],"example":false,"name":"Codesystem CD-HCPARTY","description":"The CD-HCPARTY codesystem","sourceReference":{"reference":"CodeSystem/cd-hcparty"}},{"extension":[{"url":"http://hl7.org/fhir/StructureDefinition/implementationguide-page","valueUri":"cd-civilstate.html"}],"example":false,"name":"Codesystem CD-CIVILSTATE","description":"The CD-CIVILSTATE codesystem","sourceReference":{"reference":"CodeSystem/cd-civilstate"}},{"extension":[{"url":"http://hl7.org/fhir/StructureDefinition/implementationguide-page","valueUri":"cd-contact-person.html"}],"example":false,"name":"Codesystem CD-CONTACT-PERSON","description":"The CD-CONTACT-PERSON codesystem","sourceReference":{"reference":"CodeSystem/cd-contact-person"}},{"extension":[{"url":"http://hl7.org/fhir/StructureDefinition/implementationguide-page","valueUri":"cd-fed-country.html"}],"example":false,"name":"Codesystem CD-FED-COUNTRY","description":"The CD-FED-COUNTRY codesystem","sourceReference":{"reference":"CodeSystem/cd-fed-country"}},{"extension":[{"url":"http://hl7.org/fhir/StructureDefinition/implementationguide-page","valueUri":"be-ehp.html"}],"example":false,"name":"NamingSystem EHP","description":"The EHP naming system","sourceReference":{"reference":"NamingSystem/be-ehp"}},{"extension":[{"url":"http://hl7.org/fhir/StructureDefinition/implementationguide-page","valueUri":"be-cbe.html"}],"example":false,"name":"NamingSystem CBE","description":"The CBE naming system","sourceReference":{"reference":"NamingSystem/be-cbe"}},{"extension":[{"url":"http://hl7.org/fhir/StructureDefinition/implementationguide-page","valueUri":"be-ssin.html"}],"example":false,"name":"NamingSystem SSIN","description":"The SSIN naming system","sourceReference":{"reference":"NamingSystem/be-ssin"}},{"extension":[{"url":"http://hl7.org/fhir/StructureDefinition/implementationguide-page","valueUri":"be-nihdi.html"}],"example":false,"name":"NamingSystem NIHDI","description":"The NIHDI naming system","sourceReference":{"reference":"NamingSystem/be-nihdi"}}]},{"id":"examples","name":"Examples","description":"Examples for the different resources","resource":[{"extension":[{"url":"http://hl7.org/fhir/StructureDefinition/implementationguide-page","valueUri":"patient1.html"}],"example":true,"name":"Patient1","description":"Patient","sourceReference":{"reference":"Patient/patient1"},"exampleFor":{"reference":"https://www.ehealth.fgov.be/standards/fhir/StructureDefinition/be-patient"}},{"extension":[{"url":"http://hl7.org/fhir/StructureDefinition/implementationguide-page","valueUri":"patient2.html"}],"example":true,"name":"Patient2","description":"Patient with logical identifier for GP","sourceReference":{"reference":"Patient/patient2"},"exampleFor":{"reference":"https://www.ehealth.fgov.be/standards/fhir/StructureDefinition/be-patient"}},{"extension":[{"url":"http://hl7.org/fhir/StructureDefinition/implementationguide-page","valueUri":"practitioner1.html"}],"example":true,"name":"Practitioner1","description":"Practitioner","sourceReference":{"reference":"Practitioner/practitioner1"},"exampleFor":{"reference":"https://www.ehealth.fgov.be/standards/fhir/StructureDefinition/be-practitioner"}},{"extension":[{"url":"http://hl7.org/fhir/StructureDefinition/implementationguide-page","valueUri":"organization1.html"}],"example":true,"name":"Organization1","description":"Organization","sourceReference":{"reference":"Organization/organization1"},"exampleFor":{"reference":"https://www.ehealth.fgov.be/standards/fhir/StructureDefinition/be-organization"}},{"extension":[{"url":"http://hl7.org/fhir/StructureDefinition/implementationguide-page","valueUri":"practitionerrole1.html"}],"example":true,"name":"PractitionerRole1","description":"PractitionerRole","sourceReference":{"reference":"PractitionerRole/practitionerrole1"},"exampleFor":{"reference":"https://www.ehealth.fgov.be/standards/fhir/StructureDefinition/be-practitionerrole"}},{"extension":[{"url":"http://hl7.org/fhir/StructureDefinition/implementationguide-page","valueUri":"observation1.html"}],"example":true,"name":"Observation1","description":"Observation heart rate","sourceReference":{"reference":"Observation/observation1"},"exampleFor":{"reference":"https://www.ehealth.fgov.be/standards/fhir/StructureDefinition/be-observation"}},{"extension":[{"url":"http://hl7.org/fhir/StructureDefinition/implementationguide-page","valueUri":"observation2.html"}],"example":true,"name":"Observation2","description":"Observation hard of hearing","sourceReference":{"reference":"Observation/observation2"},"exampleFor":{"reference":"https://www.ehealth.fgov.be/standards/fhir/StructureDefinition/be-observation"}},{"extension":[{"url":"http://hl7.org/fhir/StructureDefinition/implementationguide-page","valueUri":"allergyintolerance1.html"}],"example":true,"name":"AllergyIntolerance1","description":"Food allergy","sourceReference":{"reference":"AllergyIntolerance/allergyintolerance1"},"exampleFor":{"reference":"https://www.ehealth.fgov.be/standards/fhir/StructureDefinition/be-allergyintolerance"}},{"extension":[{"url":"http://hl7.org/fhir/StructureDefinition/implementationguide-page","valueUri":"allergyintolerance2.html"}],"example":true,"name":"AllergyIntolerance2","description":"Pollen allergy with multiple reactions","sourceReference":{"reference":"AllergyIntolerance/allergyintolerance2"},"exampleFor":{"reference":"https://www.ehealth.fgov.be/standards/fhir/StructureDefinition/be-allergyintolerance"}},{"extension":[{"url":"http://hl7.org/fhir/StructureDefinition/implementationguide-page","valueUri":"provenance1.html"}],"example":true,"name":"Provenance1","description":"Provenance","sourceReference":{"reference":"Provenance/provenance1"},"exampleFor":{"reference":"https://www.ehealth.fgov.be/standards/fhir/StructureDefinition/be-provenance"}},{"extension":[{"url":"http://hl7.org/fhir/StructureDefinition/implementationguide-page","valueUri":"bundle1.html"}],"example":true,"name":"Bundle1","description":"Bundle transaction upload with provenance of creation of practitioner","sourceReference":{"reference":"Bundle/bundle1"},"exampleFor":{"reference":"https://www.ehealth.fgov.be/standards/fhir/StructureDefinition/be-organization"}}]}],"page":{"source":"toc.html","title":"Table of Contents","kind":"page","page":[{"source":"index.html","title":"BE Core Home Page","kind":"page"},{"source":"conventions.html","title":"Conventions","kind":"resource"},{"source":"artifacts.html","title":"Artifacts","kind":"page","page":[{"source":"be-patient.html","title":"Patient core BE profile","kind":"resource"},{"source":"be-practitioner.html","title":"Practitioner core BE profile","kind":"resource"},{"source":"be-observationcodeableconcept.html","title":"Observation codeable concept core BE profile","kind":"resource"},{"source":"be-provenance.html","title":"Provenance core BE profile","kind":"resource"},{"source":"be-organization.html","title":"Organization core BE profile","kind":"resource"},{"source":"be-address.html","title":"Address core BE profile","kind":"resource"},{"source":"be-practitionerrole.html","title":"Practitioner Role core BE profile","kind":"resource"},{"source":"be-allergyintolerance.html","title":"Allergy Intolerance core BE profile","kind":"resource"},{"source":"be-observation.html","title":"Observation core BE profile","kind":"resource"},{"source":"valueset-be-exposureroute.html","title":"Valueset exposureroute","kind":"resource"},{"source":"valueset-be-causativeagent.html","title":"Valueset causative agent","kind":"resource"},{"source":"valueset-be-civilstate.html","title":"Valueset civil state","kind":"resource"},{"source":"valueset-be-contactperson.html","title":"Valueset contact person","kind":"resource"},{"source":"valueset-be-riskmanifestation.html","title":"Valueset risk manifestation","kind":"resource"},{"source":"valueset-be-allergyintolerancecode.html","title":"Valueset allergy intolerance code","kind":"resource"},{"source":"valueset-be-noallergy.html","title":"Valueset no allergies","kind":"resource"},{"source":"cd-hcparty.html","title":"Codesystem CD-HCPARTY","kind":"resource"},{"source":"cd-civilstate.html","title":"Codesystem CD-CIVILSTATE","kind":"resource"},{"source":"cd-contact-person.html","title":"Codesystem CD-CONTACT-PERSON","kind":"resource"},{"source":"cd-fed-country.html","title":"Codesystem CD-FED-COUNTRY","kind":"resource"},{"source":"be-ehp.html","title":"NamingSystem EHP","kind":"resource"},{"source":"be-cbe.html","title":"NamingSystem CBE","kind":"resource"},{"source":"be-ssin.html","title":"NamingSystem SSIN","kind":"resource"},{"source":"be-nihdi.html","title":"NamingSystem NIHDI","kind":"resource"},{"source":"patient1.html","title":"Patient1","kind":"resource"},{"source":"patient2.html","title":"Patient2","kind":"resource"},{"source":"practitioner1.html","title":"Practitioner1","kind":"resource"},{"source":"organization1.html","title":"Organization1","kind":"resource"},{"source":"practitionerrole1.html","title":"PractitionerRole1","kind":"resource"},{"source":"observation1.html","title":"Observation1","kind":"resource"},{"source":"observation2.html","title":"Observation2","kind":"resource"},{"source":"allergyintolerance1.html","title":"AllergyIntolerance1","kind":"resource"},{"source":"allergyintolerance2.html","title":"AllergyIntolerance2","kind":"resource"},{"source":"provenance1.html","title":"Provenance1","kind":"resource"},{"source":"bundle1.html","title":"Bundle1","kind":"resource"}]},{"source":"example-resources.html","title":"Example Resources","kind":"resource"},{"source":"example-scenarios.html","title":"Example Scenarios","kind":"resource"},{"source":"downloads.html","title":"Useful Downloads","kind":"page"},{"source":"changes.html","title":"IG Change History","kind":"page"},{"source":"guidance.html","title":"Guidance","kind":"page"}]}}