{"resourceType":"ImplementationGuide","id":"hl7.be.core","text":{"status":"generated","div":"<div xmlns=\"http://www.w3.org/1999/xhtml\"><h2>BaseIG</h2><p>The official URL for this implementation guide is: </p><pre>https://www.ehealth.fgov.be/standards/fhir/ImplementationGuide/hl7.be.core</pre><div><p>The Core Belgian Profiles provide the essential and common requirement for FHIR implementations in Belgium</p>\n</div></div>"},"url":"https://www.ehealth.fgov.be/standards/fhir/ImplementationGuide/hl7.be.core","name":"BaseIG","status":"draft","experimental":false,"date":"2019-11-20T16:25:46+01:00","publisher":"HL7 Belgium","contact":[{"telecom":[{"system":"other","value":"http://hl7.org/Special/committees/fiwg"}]}],"description":"The Core Belgian Profiles provide the essential and common requirement for FHIR implementations in Belgium","jurisdiction":[{"coding":[{"system":"http://unstats.un.org/unsd/methods/m49/m49.htm","code":"001"}]}],"fhirVersion":"4.0.1","package":[{"id":"core","name":"Core Profiles","description":"Core resources to be reused in other resources","resource":[{"extension":[{"url":"http://hl7.org/fhir/StructureDefinition/implementationguide-page","valueUri":"be-patient.html"}],"example":false,"name":"Patient core BE profile","description":"The Core BE profile for Patient","sourceReference":{"reference":"StructureDefinition/be-patient"}},{"extension":[{"url":"http://hl7.org/fhir/StructureDefinition/implementationguide-page","valueUri":"be-practitioner.html"}],"example":false,"name":"Practitioner core BE profile","description":"The Core BE profile for Practitioner","sourceReference":{"reference":"StructureDefinition/be-practitioner"}},{"extension":[{"url":"http://hl7.org/fhir/StructureDefinition/implementationguide-page","valueUri":"be-provenance.html"}],"example":false,"name":"Patient core BE provenance","description":"The Core BE profile for Provenance","sourceReference":{"reference":"StructureDefinition/be-provenance"}},{"extension":[{"url":"http://hl7.org/fhir/StructureDefinition/implementationguide-page","valueUri":"be-organization.html"}],"example":false,"name":"Patient core BE organization","description":"The Core BE profile for Organization","sourceReference":{"reference":"StructureDefinition/be-organization"}},{"extension":[{"url":"http://hl7.org/fhir/StructureDefinition/implementationguide-page","valueUri":"be-practitionerrole.html"}],"example":false,"name":"Practitioner Role core BE profile","description":"The Core BE profile for Practitioner Role","sourceReference":{"reference":"StructureDefinition/be-practitionerrole"}}]},{"id":"condition","name":"Conditions","description":"Resource profiles defined for conditions","resource":[{"extension":[{"url":"http://hl7.org/fhir/StructureDefinition/implementationguide-page","valueUri":"be-allergyintolerance.html"}],"example":false,"name":"Allergy Intolerance core BE profile","description":"The Core BE profile for Allergy Intolerance","sourceReference":{"reference":"StructureDefinition/be-allergyintolerance"}}]},{"id":"terminology","name":"Terminology","description":"Terminology resources - ValueSets and CodeSystems","resource":[{"extension":[{"url":"http://hl7.org/fhir/StructureDefinition/implementationguide-page","valueUri":"valueset-be-exposureroute.html"}],"example":false,"name":"Valueset exposureroute","description":"The valueset for exposureroute","sourceReference":{"reference":"ValueSet/be-exposureroute"}}]}],"page":{"source":"toc.html","title":"Table of Contents","kind":"page","page":[{"source":"index.html","title":"BE Core Home Page","kind":"page"},{"source":"conventions.html","title":"Conventions","kind":"resource"},{"source":"functional-overview.html","title":"Functional Description","kind":"resource"},{"source":"logical-models.html","title":"Logical Data Models","kind":"resource"},{"source":"artifacts.html","title":"Artifacts","kind":"page","page":[{"source":"be-patient.html","title":"Patient core BE profile","kind":"resource"},{"source":"be-practitioner.html","title":"Practitioner core BE profile","kind":"resource"},{"source":"be-provenance.html","title":"Patient core BE provenance","kind":"resource"},{"source":"be-organization.html","title":"Patient core BE organization","kind":"resource"},{"source":"be-practitionerrole.html","title":"Practitioner Role core BE profile","kind":"resource"},{"source":"be-allergyintolerance.html","title":"Allergy Intolerance core BE profile","kind":"resource"},{"source":"valueset-be-exposureroute.html","title":"Valueset exposureroute","kind":"resource"}]},{"source":"example-resources.html","title":"Example Resources","kind":"resource"},{"source":"example-scenarios.html","title":"Example Scenarios","kind":"resource"},{"source":"downloads.html","title":"Useful Downloads","kind":"page"},{"source":"changes.html","title":"IG Change History","kind":"page"}]}}