{"resourceType":"ImplementationGuide","id":"hl7.be.core","text":{"status":"generated","div":"<div xmlns=\"http://www.w3.org/1999/xhtml\"><h2>BaseIG</h2><p>The official URL for this implementation guide is: </p><pre>https://www.ehealth.fgov.be/standards/fhir/ImplementationGuide/hl7.be.core</pre><div><p>The Core Belgian Profiles provide the essential and common requirement for FHIR implementations in Belgium</p>\n</div></div>"},"url":"https://www.ehealth.fgov.be/standards/fhir/ImplementationGuide/hl7.be.core","name":"BaseIG","status":"draft","experimental":false,"date":"2019-11-25T11:45:14+01:00","publisher":"HL7 Belgium","contact":[{"telecom":[{"system":"other","value":"http://hl7.org/Special/committees/fiwg"}]}],"description":"The Core Belgian Profiles provide the essential and common requirement for FHIR implementations in Belgium","jurisdiction":[{"coding":[{"system":"http://unstats.un.org/unsd/methods/m49/m49.htm","code":"001"}]}],"fhirVersion":"4.0.1","package":[{"id":"core","name":"Core Profiles","description":"Core resources to be reused in other resources","resource":[{"extension":[{"url":"http://hl7.org/fhir/StructureDefinition/implementationguide-page","valueUri":"be-patient.html"}],"example":false,"name":"Patient core BE profile","description":"The Core BE profile for Patient","sourceReference":{"reference":"StructureDefinition/be-patient"}},{"extension":[{"url":"http://hl7.org/fhir/StructureDefinition/implementationguide-page","valueUri":"be-practitioner.html"}],"example":false,"name":"Practitioner core BE profile","description":"The Core BE profile for Practitioner","sourceReference":{"reference":"StructureDefinition/be-practitioner"}},{"extension":[{"url":"http://hl7.org/fhir/StructureDefinition/implementationguide-page","valueUri":"be-observationcodeableconcept.html"}],"example":false,"name":"Observation codeable concept code core BE profile","description":"The Core BE profile for Observation codeable concept","sourceReference":{"reference":"StructureDefinition/be-observationcodeableconcept"}},{"extension":[{"url":"http://hl7.org/fhir/StructureDefinition/implementationguide-page","valueUri":"be-provenance.html"}],"example":false,"name":"Provenance core BE profile","description":"The Core BE profile for Provenance","sourceReference":{"reference":"StructureDefinition/be-provenance"}},{"extension":[{"url":"http://hl7.org/fhir/StructureDefinition/implementationguide-page","valueUri":"be-organization.html"}],"example":false,"name":"Organization core BE profile","description":"The Core BE profile for Organization","sourceReference":{"reference":"StructureDefinition/be-organization"}},{"extension":[{"url":"http://hl7.org/fhir/StructureDefinition/implementationguide-page","valueUri":"be-address.html"}],"example":false,"name":"Address core BE profile","description":"The Core BE profile for Address","sourceReference":{"reference":"StructureDefinition/be-address"}},{"extension":[{"url":"http://hl7.org/fhir/StructureDefinition/implementationguide-page","valueUri":"be-practitionerrole.html"}],"example":false,"name":"Practitioner Role core BE profile","description":"The Core BE profile for Practitioner Role","sourceReference":{"reference":"StructureDefinition/be-practitionerrole"}}]},{"id":"condition","name":"Conditions","description":"Resource profiles defined for conditions","resource":[{"extension":[{"url":"http://hl7.org/fhir/StructureDefinition/implementationguide-page","valueUri":"be-allergyintolerance.html"}],"example":false,"name":"Allergy Intolerance core BE profile","description":"The Core BE profile for Allergy Intolerance","sourceReference":{"reference":"StructureDefinition/be-allergyintolerance"}},{"extension":[{"url":"http://hl7.org/fhir/StructureDefinition/implementationguide-page","valueUri":"be-observation.html"}],"example":false,"name":"Observation core BE profile","description":"The Core BE profile for Observation","sourceReference":{"reference":"StructureDefinition/be-observation"}}]},{"id":"terminology","name":"Terminology","description":"Terminology resources - ValueSets and CodeSystems","resource":[{"extension":[{"url":"http://hl7.org/fhir/StructureDefinition/implementationguide-page","valueUri":"valueset-be-exposureroute.html"}],"example":false,"name":"Valueset exposureroute","description":"The valueset for exposureroute","sourceReference":{"reference":"ValueSet/be-exposureroute"}},{"extension":[{"url":"http://hl7.org/fhir/StructureDefinition/implementationguide-page","valueUri":"valueset-be-causativeagent.html"}],"example":false,"name":"Valueset causative agent","description":"The valueset for causative agent","sourceReference":{"reference":"ValueSet/be-causativeagent"}},{"extension":[{"url":"http://hl7.org/fhir/StructureDefinition/implementationguide-page","valueUri":"valueset-be-civilstate.html"}],"example":false,"name":"Valueset civil state","description":"The valueset for civil state","sourceReference":{"reference":"ValueSet/be-civilstate"}},{"extension":[{"url":"http://hl7.org/fhir/StructureDefinition/implementationguide-page","valueUri":"valueset-be-contactperson.html"}],"example":false,"name":"Valueset contact person","description":"The valueset for contact person","sourceReference":{"reference":"ValueSet/be-contactperson"}},{"extension":[{"url":"http://hl7.org/fhir/StructureDefinition/implementationguide-page","valueUri":"valueset-be-riskmanifestation.html"}],"example":false,"name":"Valueset risk manifestation","description":"The valueset for risk manifestation","sourceReference":{"reference":"ValueSet/be-riskmanifestation"}},{"extension":[{"url":"http://hl7.org/fhir/StructureDefinition/implementationguide-page","valueUri":"cd-hcparty.html"}],"example":false,"name":"Codesystem CD-HCPARTY","description":"The CD-HCPARTY codesystem","sourceReference":{"reference":"CodeSystem/cd-hcparty"}},{"extension":[{"url":"http://hl7.org/fhir/StructureDefinition/implementationguide-page","valueUri":"cd-civilstate.html"}],"example":false,"name":"Codesystem CD-CIVILSTATE","description":"The CD-CIVILSTATE codesystem","sourceReference":{"reference":"CodeSystem/cd-civilstate"}},{"extension":[{"url":"http://hl7.org/fhir/StructureDefinition/implementationguide-page","valueUri":"cd-contact-person.html"}],"example":false,"name":"Codesystem CD-CONTACT-PERSON","description":"The CD-CONTACT-PERSON codesystem","sourceReference":{"reference":"CodeSystem/cd-contact-person"}},{"extension":[{"url":"http://hl7.org/fhir/StructureDefinition/implementationguide-page","valueUri":"cd-fed-country.html"}],"example":false,"name":"Codesystem CD-FED-COUNTRY","description":"The CD-FED-COUNTRY codesystem","sourceReference":{"reference":"CodeSystem/cd-fed-country"}},{"extension":[{"url":"http://hl7.org/fhir/StructureDefinition/implementationguide-page","valueUri":"be-ehp.html"}],"example":false,"name":"NamingSystem EHP","description":"The EHP naming system","sourceReference":{"reference":"NamingSystem/be-ehp"}},{"extension":[{"url":"http://hl7.org/fhir/StructureDefinition/implementationguide-page","valueUri":"be-cbe.html"}],"example":false,"name":"NamingSystem CBE","description":"The CBE naming system","sourceReference":{"reference":"NamingSystem/be-cbe"}},{"extension":[{"url":"http://hl7.org/fhir/StructureDefinition/implementationguide-page","valueUri":"be-ssin.html"}],"example":false,"name":"NamingSystem SSIN","description":"The SSIN naming system","sourceReference":{"reference":"NamingSystem/be-ssin"}},{"extension":[{"url":"http://hl7.org/fhir/StructureDefinition/implementationguide-page","valueUri":"be-nihdi.html"}],"example":false,"name":"NamingSystem NIHDI","description":"The NIHDI naming system","sourceReference":{"reference":"NamingSystem/be-nihdi"}}]},{"id":"examples","name":"Examples","description":"Examples for the different resources","resource":[{"extension":[{"url":"http://hl7.org/fhir/StructureDefinition/implementationguide-page","valueUri":"patient1.html"}],"example":true,"name":"Patient1","description":"Patient","sourceReference":{"reference":"Patient/patient1"},"exampleFor":{"reference":"https://www.ehealth.fgov.be/standards/fhir/StructureDefinition/be-patient"}},{"extension":[{"url":"http://hl7.org/fhir/StructureDefinition/implementationguide-page","valueUri":"patient2.html"}],"example":true,"name":"Patient2","description":"Patient with logical identifier for GP","sourceReference":{"reference":"Patient/patient2"},"exampleFor":{"reference":"https://www.ehealth.fgov.be/standards/fhir/StructureDefinition/be-patient"}},{"extension":[{"url":"http://hl7.org/fhir/StructureDefinition/implementationguide-page","valueUri":"practitioner1.html"}],"example":true,"name":"Practitioner1","description":"Practitioner","sourceReference":{"reference":"Practitioner/practitioner1"},"exampleFor":{"reference":"https://www.ehealth.fgov.be/standards/fhir/StructureDefinition/be-practitioner"}},{"extension":[{"url":"http://hl7.org/fhir/StructureDefinition/implementationguide-page","valueUri":"organization1.html"}],"example":true,"name":"Organization1","description":"Organization","sourceReference":{"reference":"Organization/organization1"},"exampleFor":{"reference":"https://www.ehealth.fgov.be/standards/fhir/StructureDefinition/be-organization"}},{"extension":[{"url":"http://hl7.org/fhir/StructureDefinition/implementationguide-page","valueUri":"practitionerrole1.html"}],"example":true,"name":"PractitionerRole1","description":"PractitionerRole","sourceReference":{"reference":"PractitionerRole/practitionerrole1"},"exampleFor":{"reference":"https://www.ehealth.fgov.be/standards/fhir/StructureDefinition/be-practitionerrole"}}]}],"page":{"source":"toc.html","title":"Table of Contents","kind":"page","page":[{"source":"index.html","title":"BE Core Home Page","kind":"page"},{"source":"conventions.html","title":"Conventions","kind":"resource"},{"source":"functional-overview.html","title":"Functional Description","kind":"resource"},{"source":"logical-models.html","title":"Logical Data Models","kind":"resource"},{"source":"artifacts.html","title":"Artifacts","kind":"page","page":[{"source":"be-patient.html","title":"Patient core BE profile","kind":"resource"},{"source":"be-practitioner.html","title":"Practitioner core BE profile","kind":"resource"},{"source":"be-observationcodeableconcept.html","title":"Observation codeable concept code core BE profile","kind":"resource"},{"source":"be-provenance.html","title":"Provenance core BE profile","kind":"resource"},{"source":"be-organization.html","title":"Organization core BE profile","kind":"resource"},{"source":"be-address.html","title":"Address core BE profile","kind":"resource"},{"source":"be-practitionerrole.html","title":"Practitioner Role core BE profile","kind":"resource"},{"source":"be-allergyintolerance.html","title":"Allergy Intolerance core BE profile","kind":"resource"},{"source":"be-observation.html","title":"Observation core BE profile","kind":"resource"},{"source":"valueset-be-exposureroute.html","title":"Valueset exposureroute","kind":"resource"},{"source":"valueset-be-causativeagent.html","title":"Valueset causative agent","kind":"resource"},{"source":"valueset-be-civilstate.html","title":"Valueset civil state","kind":"resource"},{"source":"valueset-be-contactperson.html","title":"Valueset contact person","kind":"resource"},{"source":"valueset-be-riskmanifestation.html","title":"Valueset risk manifestation","kind":"resource"},{"source":"cd-hcparty.html","title":"Codesystem CD-HCPARTY","kind":"resource"},{"source":"cd-civilstate.html","title":"Codesystem CD-CIVILSTATE","kind":"resource"},{"source":"cd-contact-person.html","title":"Codesystem CD-CONTACT-PERSON","kind":"resource"},{"source":"cd-fed-country.html","title":"Codesystem CD-FED-COUNTRY","kind":"resource"},{"source":"be-ehp.html","title":"NamingSystem EHP","kind":"resource"},{"source":"be-cbe.html","title":"NamingSystem CBE","kind":"resource"},{"source":"be-ssin.html","title":"NamingSystem SSIN","kind":"resource"},{"source":"be-nihdi.html","title":"NamingSystem NIHDI","kind":"resource"},{"source":"patient1.html","title":"Patient1","kind":"resource"},{"source":"patient2.html","title":"Patient2","kind":"resource"},{"source":"practitioner1.html","title":"Practitioner1","kind":"resource"},{"source":"organization1.html","title":"Organization1","kind":"resource"},{"source":"practitionerrole1.html","title":"PractitionerRole1","kind":"resource"}]},{"source":"example-resources.html","title":"Example Resources","kind":"resource"},{"source":"example-scenarios.html","title":"Example Scenarios","kind":"resource"},{"source":"downloads.html","title":"Useful Downloads","kind":"page"},{"source":"changes.html","title":"IG Change History","kind":"page"}]}}