{"resourceType":"NamingSystem","id":"be-nihdi","name":"National Institute for Health and Disability Insurance Number (NIHDI)","status":"draft","kind":"identifier","date":"2019-06-07T00:00:00+02:00","publisher":"HL7 Belgium","contact":[{"telecom":[{"system":"other","value":"http://hl7.org/Special/committees/fiwg"}]}],"description":"RIZIV/INAMI","jurisdiction":[{"coding":[{"system":"http://unstats.un.org/unsd/methods/m49/m49.htm","code":"001"}]}],"uniqueId":[{"type":"uri","value":"https://www.ehealth.fgov.be/standards/fhir/NamingSystem/nihdi","preferred":true},{"type":"oid","value":"2.16.840.1.113883.3.6777.5.2","preferred":false}]}