{"resourceType":"StructureDefinition","id":"be-observationcodeableconcept","text":{"status":"generated","div":"<div xmlns=\"http://www.w3.org/1999/xhtml\"><table border=\"0\" cellpadding=\"0\" cellspacing=\"0\" style=\"border: 0px #F0F0F0 solid; font-size: 11px; font-family: verdana; vertical-align: top;\"><tr style=\"border: 1px #F0F0F0 solid; font-size: 11px; font-family: verdana; vertical-align: top;\"><th style=\"vertical-align: top; text-align : left; background-color: white; border: 0px #F0F0F0 solid; padding:0px 4px 0px 4px\" class=\"hierarchy\"><a href=\"http://hl7.org/fhir/R4/formats.html#table\" title=\"The logical name of the element\">Name</a></th><th style=\"vertical-align: top; text-align : left; background-color: white; border: 0px #F0F0F0 solid; padding:0px 4px 0px 4px\" class=\"hierarchy\"><a href=\"http://hl7.org/fhir/R4/formats.html#table\" title=\"Information about the use of the element\">Flags</a></th><th style=\"vertical-align: top; text-align : left; background-color: white; border: 0px #F0F0F0 solid; padding:0px 4px 0px 4px\" class=\"hierarchy\"><a href=\"http://hl7.org/fhir/R4/formats.html#table\" title=\"Minimum and Maximum # of times the the element can appear in the instance\">Card.</a></th><th style=\"width: 100px\" class=\"hierarchy\"><a href=\"http://hl7.org/fhir/R4/formats.html#table\" title=\"Reference to the type of the element\">Type</a></th><th style=\"vertical-align: top; text-align : left; background-color: white; border: 0px #F0F0F0 solid; padding:0px 4px 0px 4px\" class=\"hierarchy\"><a href=\"http://hl7.org/fhir/R4/formats.html#table\" title=\"Additional information about the element\">Description &amp; Constraints</a><span style=\"float: right\"><a href=\"http://hl7.org/fhir/R4/formats.html#table\" title=\"Legend for this format\"><img src=\"http://hl7.org/fhir/R4/help16.png\" alt=\"doco\" style=\"background-color: inherit\"/></a></span></th></tr><tr style=\"border: 0px #F0F0F0 solid; padding:0px; vertical-align: top; background-color: white;\"><td style=\"vertical-align: top; text-align : left; background-color: white; border: 0px #F0F0F0 solid; padding:0px 4px 0px 4px; white-space: nowrap; background-image: url(tbl_bck1.png)\" class=\"hierarchy\"><img src=\"tbl_spacer.png\" alt=\".\" style=\"background-color: inherit\" class=\"hierarchy\"/><img src=\"icon_element.gif\" alt=\".\" style=\"background-color: white; background-color: inherit\" title=\"Element\" class=\"hierarchy\"/> <a href=\"{{[id]}}-definitions.html#CodeableConcept\" title=\"null\">CodeableConcept</a><a name=\"CodeableConcept\"> </a></td><td style=\"vertical-align: top; text-align : left; background-color: white; border: 0px #F0F0F0 solid; padding:0px 4px 0px 4px\" class=\"hierarchy\"/><td style=\"vertical-align: top; text-align : left; background-color: white; border: 0px #F0F0F0 solid; padding:0px 4px 0px 4px\" class=\"hierarchy\"/><td style=\"vertical-align: top; text-align : left; background-color: white; border: 0px #F0F0F0 solid; padding:0px 4px 0px 4px\" class=\"hierarchy\"><a href=\"http://hl7.org/fhir/R4/datatypes.html#CodeableConcept\">CodeableConcept</a></td><td style=\"vertical-align: top; text-align : left; background-color: white; border: 0px #F0F0F0 solid; padding:0px 4px 0px 4px\" class=\"hierarchy\"/></tr>\r\n<tr style=\"border: 0px #F0F0F0 solid; padding:0px; vertical-align: top; background-color: #F7F7F7;\"><td style=\"vertical-align: top; text-align : left; background-color: #F7F7F7; border: 0px #F0F0F0 solid; padding:0px 4px 0px 4px; white-space: nowrap; background-image: url(tbl_bck03.png)\" class=\"hierarchy\"><img src=\"tbl_spacer.png\" alt=\".\" style=\"background-color: inherit\" class=\"hierarchy\"/><img src=\"tbl_vjoin_end.png\" alt=\".\" style=\"background-color: inherit\" class=\"hierarchy\"/><img src=\"icon_slice.png\" alt=\".\" style=\"background-color: #F7F7F7; background-color: inherit\" title=\"Slice Definition\" class=\"hierarchy\"/> <a style=\"font-style: italic\" href=\"{{[id]}}-definitions.html#CodeableConcept.coding\" title=\"null\">coding</a><a name=\"CodeableConcept.coding\"> </a></td><td style=\"vertical-align: top; text-align : left; background-color: #F7F7F7; border: 0px #F0F0F0 solid; padding:0px 4px 0px 4px\" class=\"hierarchy\"/><td style=\"vertical-align: top; text-align : left; background-color: #F7F7F7; border: 0px #F0F0F0 solid; padding:0px 4px 0px 4px\" class=\"hierarchy\"><span style=\"font-style: italic\"/></td><td style=\"vertical-align: top; text-align : left; background-color: #F7F7F7; border: 0px #F0F0F0 solid; padding:0px 4px 0px 4px\" class=\"hierarchy\"><a style=\"font-style: italic\" href=\"http://hl7.org/fhir/R4/profiling.html#slicing\">(Slice Definition)</a></td><td style=\"vertical-align: top; text-align : left; background-color: #F7F7F7; border: 0px #F0F0F0 solid; padding:0px 4px 0px 4px\" class=\"hierarchy\"><span style=\"font-weight:bold; font-style: italic\">Slice: </span><span style=\"font-style: italic\">Unordered, Open by value:system</span></td></tr>\r\n<tr style=\"border: 0px #F0F0F0 solid; padding:0px; vertical-align: top; background-color: white;\"><td style=\"vertical-align: top; text-align : left; background-color: white; border: 0px #F0F0F0 solid; padding:0px 4px 0px 4px; white-space: nowrap; background-image: url(tbl_bck035.png)\" class=\"hierarchy\"><img src=\"tbl_spacer.png\" alt=\".\" style=\"background-color: inherit\" class=\"hierarchy\"/><img src=\"tbl_blank.png\" alt=\".\" style=\"background-color: inherit\" class=\"hierarchy\"/><img src=\"tbl_vjoin_slicer.png\" alt=\".\" style=\"background-color: inherit\" class=\"hierarchy\"/><img src=\"icon_slice_item.png\" alt=\".\" style=\"background-color: white; background-color: inherit\" title=\"Slice Item\" class=\"hierarchy\"/> <a href=\"{{[id]}}-definitions.html#CodeableConcept.coding:LOINC\" title=\"Slice LOINC: null\">coding:LOINC</a><a name=\"CodeableConcept.coding\"> </a></td><td style=\"vertical-align: top; text-align : left; background-color: white; border: 0px #F0F0F0 solid; padding:0px 4px 0px 4px\" class=\"hierarchy\"/><td style=\"vertical-align: top; text-align : left; background-color: white; border: 0px #F0F0F0 solid; padding:0px 4px 0px 4px\" class=\"hierarchy\"/><td style=\"vertical-align: top; text-align : left; background-color: white; border: 0px #F0F0F0 solid; padding:0px 4px 0px 4px\" class=\"hierarchy\"/><td style=\"vertical-align: top; text-align : left; background-color: white; border: 0px #F0F0F0 solid; padding:0px 4px 0px 4px\" class=\"hierarchy\"/></tr>\r\n<tr style=\"border: 0px #F0F0F0 solid; padding:0px; vertical-align: top; background-color: #F7F7F7;\"><td style=\"vertical-align: top; text-align : left; background-color: #F7F7F7; border: 0px #F0F0F0 solid; padding:0px 4px 0px 4px; white-space: nowrap; background-image: url(tbl_bck0350.png)\" class=\"hierarchy\"><img src=\"tbl_spacer.png\" alt=\".\" style=\"background-color: inherit\" class=\"hierarchy\"/><img src=\"tbl_blank.png\" alt=\".\" style=\"background-color: inherit\" class=\"hierarchy\"/><img src=\"tbl_vline_slicer.png\" alt=\".\" style=\"background-color: inherit\" class=\"hierarchy\"/><img src=\"tbl_vjoin_slice.png\" alt=\".\" style=\"background-color: inherit\" class=\"hierarchy\"/><img src=\"icon_element.gif\" alt=\".\" style=\"background-color: #F7F7F7; background-color: inherit\" title=\"Element\" class=\"hierarchy\"/> <a href=\"{{[id]}}-definitions.html#CodeableConcept.coding:LOINC.system\" title=\"null\">system</a><a name=\"CodeableConcept.coding.system\"> </a></td><td style=\"vertical-align: top; text-align : left; background-color: #F7F7F7; border: 0px #F0F0F0 solid; padding:0px 4px 0px 4px\" class=\"hierarchy\"/><td style=\"vertical-align: top; text-align : left; background-color: #F7F7F7; border: 0px #F0F0F0 solid; padding:0px 4px 0px 4px\" class=\"hierarchy\"/><td style=\"vertical-align: top; text-align : left; background-color: #F7F7F7; border: 0px #F0F0F0 solid; padding:0px 4px 0px 4px\" class=\"hierarchy\"/><td style=\"vertical-align: top; text-align : left; background-color: #F7F7F7; border: 0px #F0F0F0 solid; padding:0px 4px 0px 4px\" class=\"hierarchy\"><span style=\"font-weight:bold\">Fixed Value: </span><a style=\"color: darkgreen\" href=\"http://hl7.org/fhir/R4/loinc.html\">http://loinc.org</a></td></tr>\r\n<tr style=\"border: 0px #F0F0F0 solid; padding:0px; vertical-align: top; background-color: white;\"><td style=\"vertical-align: top; text-align : left; background-color: white; border: 0px #F0F0F0 solid; padding:0px 4px 0px 4px; white-space: nowrap; background-image: url(tbl_bck0340.png)\" class=\"hierarchy\"><img src=\"tbl_spacer.png\" alt=\".\" style=\"background-color: inherit\" class=\"hierarchy\"/><img src=\"tbl_blank.png\" alt=\".\" style=\"background-color: inherit\" class=\"hierarchy\"/><img src=\"tbl_vline_slicer.png\" alt=\".\" style=\"background-color: inherit\" class=\"hierarchy\"/><img src=\"tbl_vjoin_end_slice.png\" alt=\".\" style=\"background-color: inherit\" class=\"hierarchy\"/><img src=\"icon_element.gif\" alt=\".\" style=\"background-color: white; background-color: inherit\" title=\"Element\" class=\"hierarchy\"/> <a href=\"{{[id]}}-definitions.html#CodeableConcept.coding:LOINC.code\" title=\"null\">code</a><a name=\"CodeableConcept.coding.code\"> </a></td><td style=\"vertical-align: top; text-align : left; background-color: white; border: 0px #F0F0F0 solid; padding:0px 4px 0px 4px\" class=\"hierarchy\"/><td style=\"vertical-align: top; text-align : left; background-color: white; border: 0px #F0F0F0 solid; padding:0px 4px 0px 4px\" class=\"hierarchy\">1..</td><td style=\"vertical-align: top; text-align : left; background-color: white; border: 0px #F0F0F0 solid; padding:0px 4px 0px 4px\" class=\"hierarchy\"/><td style=\"vertical-align: top; text-align : left; background-color: white; border: 0px #F0F0F0 solid; padding:0px 4px 0px 4px\" class=\"hierarchy\"/></tr>\r\n<tr style=\"border: 0px #F0F0F0 solid; padding:0px; vertical-align: top; background-color: #F7F7F7;\"><td style=\"vertical-align: top; text-align : left; background-color: #F7F7F7; border: 0px #F0F0F0 solid; padding:0px 4px 0px 4px; white-space: nowrap; background-image: url(tbl_bck035.png)\" class=\"hierarchy\"><img src=\"tbl_spacer.png\" alt=\".\" style=\"background-color: inherit\" class=\"hierarchy\"/><img src=\"tbl_blank.png\" alt=\".\" style=\"background-color: inherit\" class=\"hierarchy\"/><img src=\"tbl_vjoin_slicer.png\" alt=\".\" style=\"background-color: inherit\" class=\"hierarchy\"/><img src=\"icon_slice_item.png\" alt=\".\" style=\"background-color: #F7F7F7; background-color: inherit\" title=\"Slice Item\" class=\"hierarchy\"/> <a href=\"{{[id]}}-definitions.html#CodeableConcept.coding:SNOMED-CT\" title=\"Slice SNOMED-CT: null\">coding:SNOMED-CT</a><a name=\"CodeableConcept.coding\"> </a></td><td style=\"vertical-align: top; text-align : left; background-color: #F7F7F7; border: 0px #F0F0F0 solid; padding:0px 4px 0px 4px\" class=\"hierarchy\"/><td style=\"vertical-align: top; text-align : left; background-color: #F7F7F7; border: 0px #F0F0F0 solid; padding:0px 4px 0px 4px\" class=\"hierarchy\"/><td style=\"vertical-align: top; text-align : left; background-color: #F7F7F7; border: 0px #F0F0F0 solid; padding:0px 4px 0px 4px\" class=\"hierarchy\"/><td style=\"vertical-align: top; text-align : left; background-color: #F7F7F7; border: 0px #F0F0F0 solid; padding:0px 4px 0px 4px\" class=\"hierarchy\"/></tr>\r\n<tr style=\"border: 0px #F0F0F0 solid; padding:0px; vertical-align: top; background-color: white;\"><td style=\"vertical-align: top; text-align : left; background-color: white; border: 0px #F0F0F0 solid; padding:0px 4px 0px 4px; white-space: nowrap; background-image: url(tbl_bck0350.png)\" class=\"hierarchy\"><img src=\"tbl_spacer.png\" alt=\".\" style=\"background-color: inherit\" class=\"hierarchy\"/><img src=\"tbl_blank.png\" alt=\".\" style=\"background-color: inherit\" class=\"hierarchy\"/><img src=\"tbl_vline_slicer.png\" alt=\".\" style=\"background-color: inherit\" class=\"hierarchy\"/><img src=\"tbl_vjoin_slice.png\" alt=\".\" style=\"background-color: inherit\" class=\"hierarchy\"/><img src=\"icon_element.gif\" alt=\".\" style=\"background-color: white; background-color: inherit\" title=\"Element\" class=\"hierarchy\"/> <a href=\"{{[id]}}-definitions.html#CodeableConcept.coding:SNOMED-CT.system\" title=\"null\">system</a><a name=\"CodeableConcept.coding.system\"> </a></td><td style=\"vertical-align: top; text-align : left; background-color: white; border: 0px #F0F0F0 solid; padding:0px 4px 0px 4px\" class=\"hierarchy\"/><td style=\"vertical-align: top; text-align : left; background-color: white; border: 0px #F0F0F0 solid; padding:0px 4px 0px 4px\" class=\"hierarchy\"/><td style=\"vertical-align: top; text-align : left; background-color: white; border: 0px #F0F0F0 solid; padding:0px 4px 0px 4px\" class=\"hierarchy\"/><td style=\"vertical-align: top; text-align : left; background-color: white; border: 0px #F0F0F0 solid; padding:0px 4px 0px 4px\" class=\"hierarchy\"><span style=\"font-weight:bold\">Fixed Value: </span><a style=\"color: darkgreen\" href=\"http://hl7.org/fhir/R4/codesystem-snomedct.html\">http://snomed.info/sct</a></td></tr>\r\n<tr style=\"border: 0px #F0F0F0 solid; padding:0px; vertical-align: top; background-color: #F7F7F7;\"><td style=\"vertical-align: top; text-align : left; background-color: #F7F7F7; border: 0px #F0F0F0 solid; padding:0px 4px 0px 4px; white-space: nowrap; background-image: url(tbl_bck0340.png)\" class=\"hierarchy\"><img src=\"tbl_spacer.png\" alt=\".\" style=\"background-color: inherit\" class=\"hierarchy\"/><img src=\"tbl_blank.png\" alt=\".\" style=\"background-color: inherit\" class=\"hierarchy\"/><img src=\"tbl_vline_slicer.png\" alt=\".\" style=\"background-color: inherit\" class=\"hierarchy\"/><img src=\"tbl_vjoin_end_slice.png\" alt=\".\" style=\"background-color: inherit\" class=\"hierarchy\"/><img src=\"icon_element.gif\" alt=\".\" style=\"background-color: #F7F7F7; background-color: inherit\" title=\"Element\" class=\"hierarchy\"/> <a href=\"{{[id]}}-definitions.html#CodeableConcept.coding:SNOMED-CT.code\" title=\"null\">code</a><a name=\"CodeableConcept.coding.code\"> </a></td><td style=\"vertical-align: top; text-align : left; background-color: #F7F7F7; border: 0px #F0F0F0 solid; padding:0px 4px 0px 4px\" class=\"hierarchy\"/><td style=\"vertical-align: top; text-align : left; background-color: #F7F7F7; border: 0px #F0F0F0 solid; padding:0px 4px 0px 4px\" class=\"hierarchy\">1..</td><td style=\"vertical-align: top; text-align : left; background-color: #F7F7F7; border: 0px #F0F0F0 solid; padding:0px 4px 0px 4px\" class=\"hierarchy\"/><td style=\"vertical-align: top; text-align : left; background-color: #F7F7F7; border: 0px #F0F0F0 solid; padding:0px 4px 0px 4px\" class=\"hierarchy\"/></tr>\r\n<tr style=\"border: 0px #F0F0F0 solid; padding:0px; vertical-align: top; background-color: white;\"><td style=\"vertical-align: top; text-align : left; background-color: white; border: 0px #F0F0F0 solid; padding:0px 4px 0px 4px; white-space: nowrap; background-image: url(tbl_bck025.png)\" class=\"hierarchy\"><img src=\"tbl_spacer.png\" alt=\".\" style=\"background-color: inherit\" class=\"hierarchy\"/><img src=\"tbl_blank.png\" alt=\".\" style=\"background-color: inherit\" class=\"hierarchy\"/><img src=\"tbl_vjoin_end_slicer.png\" alt=\".\" style=\"background-color: inherit\" class=\"hierarchy\"/><img src=\"icon_slice_item.png\" alt=\".\" style=\"background-color: white; background-color: inherit\" title=\"Slice Item\" class=\"hierarchy\"/> <a href=\"{{[id]}}-definitions.html#CodeableConcept.coding:ALBERTCODE\" title=\"Slice ALBERTCODE: null\">coding:ALBERTCODE</a><a name=\"CodeableConcept.coding\"> </a></td><td style=\"vertical-align: top; text-align : left; background-color: white; border: 0px #F0F0F0 solid; padding:0px 4px 0px 4px\" class=\"hierarchy\"/><td style=\"vertical-align: top; text-align : left; background-color: white; border: 0px #F0F0F0 solid; padding:0px 4px 0px 4px\" class=\"hierarchy\"/><td style=\"vertical-align: top; text-align : left; background-color: white; border: 0px #F0F0F0 solid; padding:0px 4px 0px 4px\" class=\"hierarchy\"/><td style=\"vertical-align: top; text-align : left; background-color: white; border: 0px #F0F0F0 solid; padding:0px 4px 0px 4px\" class=\"hierarchy\"/></tr>\r\n<tr style=\"border: 0px #F0F0F0 solid; padding:0px; vertical-align: top; background-color: #F7F7F7;\"><td style=\"vertical-align: top; text-align : left; background-color: #F7F7F7; border: 0px #F0F0F0 solid; padding:0px 4px 0px 4px; white-space: nowrap; background-image: url(tbl_bck0250.png)\" class=\"hierarchy\"><img src=\"tbl_spacer.png\" alt=\".\" style=\"background-color: inherit\" class=\"hierarchy\"/><img src=\"tbl_blank.png\" alt=\".\" style=\"background-color: inherit\" class=\"hierarchy\"/><img src=\"tbl_blank.png\" alt=\".\" style=\"background-color: inherit\" class=\"hierarchy\"/><img src=\"tbl_vjoin_slice.png\" alt=\".\" style=\"background-color: inherit\" class=\"hierarchy\"/><img src=\"icon_element.gif\" alt=\".\" style=\"background-color: #F7F7F7; background-color: inherit\" title=\"Element\" class=\"hierarchy\"/> <a href=\"{{[id]}}-definitions.html#CodeableConcept.coding:ALBERTCODE.system\" title=\"null\">system</a><a name=\"CodeableConcept.coding.system\"> </a></td><td style=\"vertical-align: top; text-align : left; background-color: #F7F7F7; border: 0px #F0F0F0 solid; padding:0px 4px 0px 4px\" class=\"hierarchy\"/><td style=\"vertical-align: top; text-align : left; background-color: #F7F7F7; border: 0px #F0F0F0 solid; padding:0px 4px 0px 4px\" class=\"hierarchy\"/><td style=\"vertical-align: top; text-align : left; background-color: #F7F7F7; border: 0px #F0F0F0 solid; padding:0px 4px 0px 4px\" class=\"hierarchy\"/><td style=\"vertical-align: top; text-align : left; background-color: #F7F7F7; border: 0px #F0F0F0 solid; padding:0px 4px 0px 4px\" class=\"hierarchy\"><span style=\"font-weight:bold\">Fixed Value: </span><span style=\"color: darkgreen\">https://www.ehealth.fgov.be/standards/fhir/CodeSystem/Albert</span></td></tr>\r\n<tr style=\"border: 0px #F0F0F0 solid; padding:0px; vertical-align: top; background-color: white;\"><td style=\"vertical-align: top; text-align : left; background-color: white; border: 0px #F0F0F0 solid; padding:0px 4px 0px 4px; white-space: nowrap; background-image: url(tbl_bck0240.png)\" class=\"hierarchy\"><img src=\"tbl_spacer.png\" alt=\".\" style=\"background-color: inherit\" class=\"hierarchy\"/><img src=\"tbl_blank.png\" alt=\".\" style=\"background-color: inherit\" class=\"hierarchy\"/><img src=\"tbl_blank.png\" alt=\".\" style=\"background-color: inherit\" class=\"hierarchy\"/><img src=\"tbl_vjoin_end_slice.png\" alt=\".\" style=\"background-color: inherit\" class=\"hierarchy\"/><img src=\"icon_element.gif\" alt=\".\" style=\"background-color: white; background-color: inherit\" title=\"Element\" class=\"hierarchy\"/> <a href=\"{{[id]}}-definitions.html#CodeableConcept.coding:ALBERTCODE.code\" title=\"null\">code</a><a name=\"CodeableConcept.coding.code\"> </a></td><td style=\"vertical-align: top; text-align : left; background-color: white; border: 0px #F0F0F0 solid; padding:0px 4px 0px 4px\" class=\"hierarchy\"/><td style=\"vertical-align: top; text-align : left; background-color: white; border: 0px #F0F0F0 solid; padding:0px 4px 0px 4px\" class=\"hierarchy\">1..</td><td style=\"vertical-align: top; text-align : left; background-color: white; border: 0px #F0F0F0 solid; padding:0px 4px 0px 4px\" class=\"hierarchy\"/><td style=\"vertical-align: top; text-align : left; background-color: white; border: 0px #F0F0F0 solid; padding:0px 4px 0px 4px\" class=\"hierarchy\"/></tr>\r\n<tr><td colspan=\"5\" class=\"hierarchy\"><br/><a href=\"http://hl7.org/fhir/R4/formats.html#table\" title=\"Legend for this format\"><img src=\"http://hl7.org/fhir/R4/help16.png\" alt=\"doco\" style=\"background-color: inherit\"/> Documentation for this format</a></td></tr></table></div>"},"url":"https://www.ehealth.fgov.be/standards/fhir/StructureDefinition/be-observationcodeableconcept","version":"1.0.0","name":"BeObservationCodeableConcept","status":"draft","date":"2019-12-18T10:11:00+01:00","publisher":"eHealth Platform","contact":[{"telecom":[{"system":"other","value":"http://hl7.org/Special/committees/fiwg"}]}],"description":"This is a supporting profile, only to give guidelines how to express the typical coding systems.\r\nIn general, it shall be noted SNOMED-CT is the preferred national terminology. Other coding systems remain allowed or MAY be preferred in specific flows (e.g. the use of LOINC codes to express a laboratory test.)","jurisdiction":[{"coding":[{"system":"http://unstats.un.org/unsd/methods/m49/m49.htm","code":"001"}]}],"fhirVersion":"4.0.1","kind":"complex-type","abstract":false,"type":"CodeableConcept","baseDefinition":"http://hl7.org/fhir/StructureDefinition/CodeableConcept","derivation":"constraint","snapshot":{"element":[{"id":"CodeableConcept","path":"CodeableConcept","short":"Concept - reference to a terminology or just  text","definition":"A concept that may be defined by a formal reference to a terminology or ontology or may be provided by text.","comment":"Not all terminology uses fit this general pattern. In some cases, models should not use CodeableConcept and use Coding directly and provide their own structure for managing text, codings, translations and the relationship between elements and pre- and post-coordination.","min":0,"max":"*","base":{"path":"CodeableConcept","min":0,"max":"*"},"condition":["ele-1"],"constraint":[{"key":"ele-1","severity":"error","human":"All FHIR elements must have a @value or children","expression":"hasValue() or (children().count() > id.count())","xpath":"@value|f:*|h:div","source":"Element"}],"mapping":[{"identity":"rim","map":"n/a"},{"identity":"v2","map":"CE/CNE/CWE"},{"identity":"rim","map":"CD"},{"identity":"orim","map":"fhir:CodeableConcept rdfs:subClassOf dt:CD"}]},{"id":"CodeableConcept.id","path":"CodeableConcept.id","representation":["xmlAttr"],"short":"Unique id for inter-element referencing","definition":"Unique id for the element within a resource (for internal references). This may be any string value that does not contain spaces.","min":0,"max":"1","base":{"path":"Element.id","min":0,"max":"1"},"type":[{"_code":{"extension":[{"url":"http://hl7.org/fhir/StructureDefinition/structuredefinition-json-type","valueString":"string"},{"url":"http://hl7.org/fhir/StructureDefinition/structuredefinition-xml-type","valueString":"xsd:string"},{"url":"http://hl7.org/fhir/StructureDefinition/structuredefinition-rdf-type","valueString":"xsd:string"}]}}],"mapping":[{"identity":"rim","map":"n/a"}]},{"id":"CodeableConcept.extension","path":"CodeableConcept.extension","slicing":{"discriminator":[{"type":"value","path":"url"}],"description":"Extensions are always sliced by (at least) url","rules":"open"},"short":"Additional content defined by implementations","definition":"May be used to represent additional information that is not part of the basic definition of the element. To make the use of extensions safe and manageable, there is a strict set of governance  applied to the definition and use of extensions. Though any implementer can define an extension, there is a set of requirements that SHALL be met as part of the definition of the extension.","comment":"There can be no stigma associated with the use of extensions by any application, project, or standard - regardless of the institution or jurisdiction that uses or defines the extensions.  The use of extensions is what allows the FHIR specification to retain a core level of simplicity for everyone.","alias":["extensions","user content"],"min":0,"max":"*","base":{"path":"Element.extension","min":0,"max":"*"},"type":[{"code":"Extension"}],"condition":["ele-1"],"constraint":[{"key":"ele-1","severity":"error","human":"All FHIR elements must have a @value or children","expression":"hasValue() or (children().count() > id.count())","xpath":"@value|f:*|h:div","source":"Element"},{"key":"ext-1","severity":"error","human":"Must have either extensions or value[x], not both","expression":"extension.exists() != value.exists()","xpath":"exists(f:extension)!=exists(f:*[starts-with(local-name(.), 'value')])","source":"Extension"}],"mapping":[{"identity":"rim","map":"n/a"},{"identity":"rim","map":"N/A"}]},{"id":"CodeableConcept.coding","path":"CodeableConcept.coding","slicing":{"discriminator":[{"type":"value","path":"system"}],"rules":"open"},"short":"Code defined by a terminology system","definition":"A reference to a code defined by a terminology system.","comment":"Codes may be defined very casually in enumerations, or code lists, up to very formal definitions such as SNOMED CT - see the HL7 v3 Core Principles for more information.  Ordering of codings is undefined and SHALL NOT be used to infer meaning. Generally, at most only one of the coding values will be labeled as UserSelected = true.","requirements":"Allows for alternative encodings within a code system, and translations to other code systems.","min":0,"max":"*","base":{"path":"CodeableConcept.coding","min":0,"max":"*"},"type":[{"code":"Coding"}],"condition":["ele-1"],"constraint":[{"key":"ele-1","severity":"error","human":"All FHIR elements must have a @value or children","expression":"hasValue() or (children().count() > id.count())","xpath":"@value|f:*|h:div","source":"Element"}],"isSummary":true,"mapping":[{"identity":"rim","map":"n/a"},{"identity":"v2","map":"CE/CNE/CWE subset one of the sets of component 1-3 or 4-6"},{"identity":"rim","map":"CV"},{"identity":"orim","map":"fhir:Coding rdfs:subClassOf dt:CDCoding"},{"identity":"v2","map":"C*E.1-8, C*E.10-22"},{"identity":"rim","map":"union(., ./translation)"},{"identity":"orim","map":"fhir:CodeableConcept.coding rdfs:subPropertyOf dt:CD.coding"}]},{"id":"CodeableConcept.coding:LOINC","path":"CodeableConcept.coding","sliceName":"LOINC","short":"Code defined by a terminology system","definition":"A reference to a code defined by a terminology system.","comment":"Codes may be defined very casually in enumerations, or code lists, up to very formal definitions such as SNOMED CT - see the HL7 v3 Core Principles for more information.  Ordering of codings is undefined and SHALL NOT be used to infer meaning. Generally, at most only one of the coding values will be labeled as UserSelected = true.","requirements":"Allows for alternative encodings within a code system, and translations to other code systems.","min":0,"max":"*","base":{"path":"CodeableConcept.coding","min":0,"max":"*"},"type":[{"code":"Coding"}],"condition":["ele-1"],"constraint":[{"key":"ele-1","severity":"error","human":"All FHIR elements must have a @value or children","expression":"hasValue() or (children().count() > id.count())","xpath":"@value|f:*|h:div","source":"Element"}],"isSummary":true,"mapping":[{"identity":"rim","map":"n/a"},{"identity":"v2","map":"CE/CNE/CWE subset one of the sets of component 1-3 or 4-6"},{"identity":"rim","map":"CV"},{"identity":"orim","map":"fhir:Coding rdfs:subClassOf dt:CDCoding"},{"identity":"v2","map":"C*E.1-8, C*E.10-22"},{"identity":"rim","map":"union(., ./translation)"},{"identity":"orim","map":"fhir:CodeableConcept.coding rdfs:subPropertyOf dt:CD.coding"}]},{"id":"CodeableConcept.coding:LOINC.id","path":"CodeableConcept.coding.id","representation":["xmlAttr"],"short":"Unique id for inter-element referencing","definition":"Unique id for the element within a resource (for internal references). This may be any string value that does not contain spaces.","min":0,"max":"1","base":{"path":"Element.id","min":0,"max":"1"},"type":[{"_code":{"extension":[{"url":"http://hl7.org/fhir/StructureDefinition/structuredefinition-json-type","valueString":"string"},{"url":"http://hl7.org/fhir/StructureDefinition/structuredefinition-xml-type","valueString":"xsd:string"},{"url":"http://hl7.org/fhir/StructureDefinition/structuredefinition-rdf-type","valueString":"xsd:string"}]}}],"mapping":[{"identity":"rim","map":"n/a"}]},{"id":"CodeableConcept.coding:LOINC.extension","path":"CodeableConcept.coding.extension","slicing":{"discriminator":[{"type":"value","path":"url"}],"description":"Extensions are always sliced by (at least) url","rules":"open"},"short":"Additional content defined by implementations","definition":"May be used to represent additional information that is not part of the basic definition of the element. To make the use of extensions safe and manageable, there is a strict set of governance  applied to the definition and use of extensions. Though any implementer can define an extension, there is a set of requirements that SHALL be met as part of the definition of the extension.","comment":"There can be no stigma associated with the use of extensions by any application, project, or standard - regardless of the institution or jurisdiction that uses or defines the extensions.  The use of extensions is what allows the FHIR specification to retain a core level of simplicity for everyone.","alias":["extensions","user content"],"min":0,"max":"*","base":{"path":"Element.extension","min":0,"max":"*"},"type":[{"code":"Extension"}],"condition":["ele-1"],"constraint":[{"key":"ele-1","severity":"error","human":"All FHIR elements must have a @value or children","expression":"hasValue() or (children().count() > id.count())","xpath":"@value|f:*|h:div","source":"Element"},{"key":"ext-1","severity":"error","human":"Must have either extensions or value[x], not both","expression":"extension.exists() != value.exists()","xpath":"exists(f:extension)!=exists(f:*[starts-with(local-name(.), 'value')])","source":"Extension"}],"mapping":[{"identity":"rim","map":"n/a"},{"identity":"rim","map":"N/A"}]},{"id":"CodeableConcept.coding:LOINC.system","path":"CodeableConcept.coding.system","short":"Identity of the terminology system","definition":"The identification of the code system that defines the meaning of the symbol in the code.","comment":"The URI may be an OID (urn:oid:...) or a UUID (urn:uuid:...).  OIDs and UUIDs SHALL be references to the HL7 OID registry. Otherwise, the URI should come from HL7's list of FHIR defined special URIs or it should reference to some definition that establishes the system clearly and unambiguously.","requirements":"Need to be unambiguous about the source of the definition of the symbol.","min":0,"max":"1","base":{"path":"Coding.system","min":0,"max":"1"},"type":[{"code":"uri"}],"fixedUri":"http://loinc.org","condition":["ele-1"],"constraint":[{"key":"ele-1","severity":"error","human":"All FHIR elements must have a @value or children","expression":"hasValue() or (children().count() > id.count())","xpath":"@value|f:*|h:div","source":"Element"}],"isSummary":true,"mapping":[{"identity":"rim","map":"n/a"},{"identity":"v2","map":"C*E.3"},{"identity":"rim","map":"./codeSystem"},{"identity":"orim","map":"fhir:Coding.system rdfs:subPropertyOf dt:CDCoding.codeSystem"}]},{"id":"CodeableConcept.coding:LOINC.version","path":"CodeableConcept.coding.version","short":"Version of the system - if relevant","definition":"The version of the code system which was used when choosing this code. Note that a well-maintained code system does not need the version reported, because the meaning of codes is consistent across versions. However this cannot consistently be assured, and when the meaning is not guaranteed to be consistent, the version SHOULD be exchanged.","comment":"Where the terminology does not clearly define what string should be used to identify code system versions, the recommendation is to use the date (expressed in FHIR date format) on which that version was officially published as the version date.","min":0,"max":"1","base":{"path":"Coding.version","min":0,"max":"1"},"type":[{"code":"string"}],"condition":["ele-1"],"constraint":[{"key":"ele-1","severity":"error","human":"All FHIR elements must have a @value or children","expression":"hasValue() or (children().count() > id.count())","xpath":"@value|f:*|h:div","source":"Element"}],"isSummary":true,"mapping":[{"identity":"rim","map":"n/a"},{"identity":"v2","map":"C*E.7"},{"identity":"rim","map":"./codeSystemVersion"},{"identity":"orim","map":"fhir:Coding.version rdfs:subPropertyOf dt:CDCoding.codeSystemVersion"}]},{"id":"CodeableConcept.coding:LOINC.code","path":"CodeableConcept.coding.code","short":"Symbol in syntax defined by the system","definition":"A symbol in syntax defined by the system. The symbol may be a predefined code or an expression in a syntax defined by the coding system (e.g. post-coordination).","comment":"Note that FHIR strings SHALL NOT exceed 1MB in size","requirements":"Need to refer to a particular code in the system.","min":1,"max":"1","base":{"path":"Coding.code","min":0,"max":"1"},"type":[{"code":"code"}],"condition":["ele-1"],"constraint":[{"key":"ele-1","severity":"error","human":"All FHIR elements must have a @value or children","expression":"hasValue() or (children().count() > id.count())","xpath":"@value|f:*|h:div","source":"Element"}],"isSummary":true,"mapping":[{"identity":"rim","map":"n/a"},{"identity":"v2","map":"C*E.1"},{"identity":"rim","map":"./code"},{"identity":"orim","map":"fhir:Coding.code rdfs:subPropertyOf dt:CDCoding.code"}]},{"id":"CodeableConcept.coding:LOINC.display","path":"CodeableConcept.coding.display","short":"Representation defined by the system","definition":"A representation of the meaning of the code in the system, following the rules of the system.","comment":"Note that FHIR strings SHALL NOT exceed 1MB in size","requirements":"Need to be able to carry a human-readable meaning of the code for readers that do not know  the system.","min":0,"max":"1","base":{"path":"Coding.display","min":0,"max":"1"},"type":[{"code":"string"}],"condition":["ele-1"],"constraint":[{"key":"ele-1","severity":"error","human":"All FHIR elements must have a @value or children","expression":"hasValue() or (children().count() > id.count())","xpath":"@value|f:*|h:div","source":"Element"}],"isSummary":true,"mapping":[{"identity":"rim","map":"n/a"},{"identity":"v2","map":"C*E.2 - but note this is not well followed"},{"identity":"rim","map":"CV.displayName"},{"identity":"orim","map":"fhir:Coding.display rdfs:subPropertyOf dt:CDCoding.displayName"}]},{"id":"CodeableConcept.coding:LOINC.userSelected","path":"CodeableConcept.coding.userSelected","short":"If this coding was chosen directly by the user","definition":"Indicates that this coding was chosen by a user directly - e.g. off a pick list of available items (codes or displays).","comment":"Amongst a set of alternatives, a directly chosen code is the most appropriate starting point for new translations. There is some ambiguity about what exactly 'directly chosen' implies, and trading partner agreement may be needed to clarify the use of this element and its consequences more completely.","requirements":"This has been identified as a clinical safety criterium - that this exact system/code pair was chosen explicitly, rather than inferred by the system based on some rules or language processing.","min":0,"max":"1","base":{"path":"Coding.userSelected","min":0,"max":"1"},"type":[{"code":"boolean"}],"condition":["ele-1"],"constraint":[{"key":"ele-1","severity":"error","human":"All FHIR elements must have a @value or children","expression":"hasValue() or (children().count() > id.count())","xpath":"@value|f:*|h:div","source":"Element"}],"isSummary":true,"mapping":[{"identity":"rim","map":"n/a"},{"identity":"v2","map":"Sometimes implied by being first"},{"identity":"rim","map":"CD.codingRationale"},{"identity":"orim","map":"fhir:Coding.userSelected fhir:mapsTo dt:CDCoding.codingRationale. fhir:Coding.userSelected fhir:hasMap fhir:Coding.userSelected.map. fhir:Coding.userSelected.map a fhir:Map;   fhir:target dt:CDCoding.codingRationale. fhir:Coding.userSelected\\#true a [     fhir:source \"true\";     fhir:target dt:CDCoding.codingRationale\\#O   ]"}]},{"id":"CodeableConcept.coding:SNOMED-CT","path":"CodeableConcept.coding","sliceName":"SNOMED-CT","short":"Code defined by a terminology system","definition":"A reference to a code defined by a terminology system.","comment":"Codes may be defined very casually in enumerations, or code lists, up to very formal definitions such as SNOMED CT - see the HL7 v3 Core Principles for more information.  Ordering of codings is undefined and SHALL NOT be used to infer meaning. Generally, at most only one of the coding values will be labeled as UserSelected = true.","requirements":"Allows for alternative encodings within a code system, and translations to other code systems.","min":0,"max":"*","base":{"path":"CodeableConcept.coding","min":0,"max":"*"},"type":[{"code":"Coding"}],"condition":["ele-1"],"constraint":[{"key":"ele-1","severity":"error","human":"All FHIR elements must have a @value or children","expression":"hasValue() or (children().count() > id.count())","xpath":"@value|f:*|h:div","source":"Element"}],"isSummary":true,"mapping":[{"identity":"rim","map":"n/a"},{"identity":"v2","map":"CE/CNE/CWE subset one of the sets of component 1-3 or 4-6"},{"identity":"rim","map":"CV"},{"identity":"orim","map":"fhir:Coding rdfs:subClassOf dt:CDCoding"},{"identity":"v2","map":"C*E.1-8, C*E.10-22"},{"identity":"rim","map":"union(., ./translation)"},{"identity":"orim","map":"fhir:CodeableConcept.coding rdfs:subPropertyOf dt:CD.coding"}]},{"id":"CodeableConcept.coding:SNOMED-CT.id","path":"CodeableConcept.coding.id","representation":["xmlAttr"],"short":"Unique id for inter-element referencing","definition":"Unique id for the element within a resource (for internal references). This may be any string value that does not contain spaces.","min":0,"max":"1","base":{"path":"Element.id","min":0,"max":"1"},"type":[{"_code":{"extension":[{"url":"http://hl7.org/fhir/StructureDefinition/structuredefinition-json-type","valueString":"string"},{"url":"http://hl7.org/fhir/StructureDefinition/structuredefinition-xml-type","valueString":"xsd:string"},{"url":"http://hl7.org/fhir/StructureDefinition/structuredefinition-rdf-type","valueString":"xsd:string"}]}}],"mapping":[{"identity":"rim","map":"n/a"}]},{"id":"CodeableConcept.coding:SNOMED-CT.extension","path":"CodeableConcept.coding.extension","slicing":{"discriminator":[{"type":"value","path":"url"}],"description":"Extensions are always sliced by (at least) url","rules":"open"},"short":"Additional content defined by implementations","definition":"May be used to represent additional information that is not part of the basic definition of the element. To make the use of extensions safe and manageable, there is a strict set of governance  applied to the definition and use of extensions. Though any implementer can define an extension, there is a set of requirements that SHALL be met as part of the definition of the extension.","comment":"There can be no stigma associated with the use of extensions by any application, project, or standard - regardless of the institution or jurisdiction that uses or defines the extensions.  The use of extensions is what allows the FHIR specification to retain a core level of simplicity for everyone.","alias":["extensions","user content"],"min":0,"max":"*","base":{"path":"Element.extension","min":0,"max":"*"},"type":[{"code":"Extension"}],"condition":["ele-1"],"constraint":[{"key":"ele-1","severity":"error","human":"All FHIR elements must have a @value or children","expression":"hasValue() or (children().count() > id.count())","xpath":"@value|f:*|h:div","source":"Element"},{"key":"ext-1","severity":"error","human":"Must have either extensions or value[x], not both","expression":"extension.exists() != value.exists()","xpath":"exists(f:extension)!=exists(f:*[starts-with(local-name(.), 'value')])","source":"Extension"}],"mapping":[{"identity":"rim","map":"n/a"},{"identity":"rim","map":"N/A"}]},{"id":"CodeableConcept.coding:SNOMED-CT.system","path":"CodeableConcept.coding.system","short":"Identity of the terminology system","definition":"The identification of the code system that defines the meaning of the symbol in the code.","comment":"The URI may be an OID (urn:oid:...) or a UUID (urn:uuid:...).  OIDs and UUIDs SHALL be references to the HL7 OID registry. Otherwise, the URI should come from HL7's list of FHIR defined special URIs or it should reference to some definition that establishes the system clearly and unambiguously.","requirements":"Need to be unambiguous about the source of the definition of the symbol.","min":0,"max":"1","base":{"path":"Coding.system","min":0,"max":"1"},"type":[{"code":"uri"}],"fixedUri":"http://snomed.info/sct","condition":["ele-1"],"constraint":[{"key":"ele-1","severity":"error","human":"All FHIR elements must have a @value or children","expression":"hasValue() or (children().count() > id.count())","xpath":"@value|f:*|h:div","source":"Element"}],"isSummary":true,"mapping":[{"identity":"rim","map":"n/a"},{"identity":"v2","map":"C*E.3"},{"identity":"rim","map":"./codeSystem"},{"identity":"orim","map":"fhir:Coding.system rdfs:subPropertyOf dt:CDCoding.codeSystem"}]},{"id":"CodeableConcept.coding:SNOMED-CT.version","path":"CodeableConcept.coding.version","short":"Version of the system - if relevant","definition":"The version of the code system which was used when choosing this code. Note that a well-maintained code system does not need the version reported, because the meaning of codes is consistent across versions. However this cannot consistently be assured, and when the meaning is not guaranteed to be consistent, the version SHOULD be exchanged.","comment":"Where the terminology does not clearly define what string should be used to identify code system versions, the recommendation is to use the date (expressed in FHIR date format) on which that version was officially published as the version date.","min":0,"max":"1","base":{"path":"Coding.version","min":0,"max":"1"},"type":[{"code":"string"}],"condition":["ele-1"],"constraint":[{"key":"ele-1","severity":"error","human":"All FHIR elements must have a @value or children","expression":"hasValue() or (children().count() > id.count())","xpath":"@value|f:*|h:div","source":"Element"}],"isSummary":true,"mapping":[{"identity":"rim","map":"n/a"},{"identity":"v2","map":"C*E.7"},{"identity":"rim","map":"./codeSystemVersion"},{"identity":"orim","map":"fhir:Coding.version rdfs:subPropertyOf dt:CDCoding.codeSystemVersion"}]},{"id":"CodeableConcept.coding:SNOMED-CT.code","path":"CodeableConcept.coding.code","short":"Symbol in syntax defined by the system","definition":"A symbol in syntax defined by the system. The symbol may be a predefined code or an expression in a syntax defined by the coding system (e.g. post-coordination).","comment":"Note that FHIR strings SHALL NOT exceed 1MB in size","requirements":"Need to refer to a particular code in the system.","min":1,"max":"1","base":{"path":"Coding.code","min":0,"max":"1"},"type":[{"code":"code"}],"condition":["ele-1"],"constraint":[{"key":"ele-1","severity":"error","human":"All FHIR elements must have a @value or children","expression":"hasValue() or (children().count() > id.count())","xpath":"@value|f:*|h:div","source":"Element"}],"isSummary":true,"mapping":[{"identity":"rim","map":"n/a"},{"identity":"v2","map":"C*E.1"},{"identity":"rim","map":"./code"},{"identity":"orim","map":"fhir:Coding.code rdfs:subPropertyOf dt:CDCoding.code"}]},{"id":"CodeableConcept.coding:SNOMED-CT.display","path":"CodeableConcept.coding.display","short":"Representation defined by the system","definition":"A representation of the meaning of the code in the system, following the rules of the system.","comment":"Note that FHIR strings SHALL NOT exceed 1MB in size","requirements":"Need to be able to carry a human-readable meaning of the code for readers that do not know  the system.","min":0,"max":"1","base":{"path":"Coding.display","min":0,"max":"1"},"type":[{"code":"string"}],"condition":["ele-1"],"constraint":[{"key":"ele-1","severity":"error","human":"All FHIR elements must have a @value or children","expression":"hasValue() or (children().count() > id.count())","xpath":"@value|f:*|h:div","source":"Element"}],"isSummary":true,"mapping":[{"identity":"rim","map":"n/a"},{"identity":"v2","map":"C*E.2 - but note this is not well followed"},{"identity":"rim","map":"CV.displayName"},{"identity":"orim","map":"fhir:Coding.display rdfs:subPropertyOf dt:CDCoding.displayName"}]},{"id":"CodeableConcept.coding:SNOMED-CT.userSelected","path":"CodeableConcept.coding.userSelected","short":"If this coding was chosen directly by the user","definition":"Indicates that this coding was chosen by a user directly - e.g. off a pick list of available items (codes or displays).","comment":"Amongst a set of alternatives, a directly chosen code is the most appropriate starting point for new translations. There is some ambiguity about what exactly 'directly chosen' implies, and trading partner agreement may be needed to clarify the use of this element and its consequences more completely.","requirements":"This has been identified as a clinical safety criterium - that this exact system/code pair was chosen explicitly, rather than inferred by the system based on some rules or language processing.","min":0,"max":"1","base":{"path":"Coding.userSelected","min":0,"max":"1"},"type":[{"code":"boolean"}],"condition":["ele-1"],"constraint":[{"key":"ele-1","severity":"error","human":"All FHIR elements must have a @value or children","expression":"hasValue() or (children().count() > id.count())","xpath":"@value|f:*|h:div","source":"Element"}],"isSummary":true,"mapping":[{"identity":"rim","map":"n/a"},{"identity":"v2","map":"Sometimes implied by being first"},{"identity":"rim","map":"CD.codingRationale"},{"identity":"orim","map":"fhir:Coding.userSelected fhir:mapsTo dt:CDCoding.codingRationale. fhir:Coding.userSelected fhir:hasMap fhir:Coding.userSelected.map. fhir:Coding.userSelected.map a fhir:Map;   fhir:target dt:CDCoding.codingRationale. fhir:Coding.userSelected\\#true a [     fhir:source \"true\";     fhir:target dt:CDCoding.codingRationale\\#O   ]"}]},{"id":"CodeableConcept.coding:ALBERTCODE","path":"CodeableConcept.coding","sliceName":"ALBERTCODE","short":"Code defined by a terminology system","definition":"A reference to a code defined by a terminology system.","comment":"Codes may be defined very casually in enumerations, or code lists, up to very formal definitions such as SNOMED CT - see the HL7 v3 Core Principles for more information.  Ordering of codings is undefined and SHALL NOT be used to infer meaning. Generally, at most only one of the coding values will be labeled as UserSelected = true.","requirements":"Allows for alternative encodings within a code system, and translations to other code systems.","min":0,"max":"*","base":{"path":"CodeableConcept.coding","min":0,"max":"*"},"type":[{"code":"Coding"}],"condition":["ele-1"],"constraint":[{"key":"ele-1","severity":"error","human":"All FHIR elements must have a @value or children","expression":"hasValue() or (children().count() > id.count())","xpath":"@value|f:*|h:div","source":"Element"}],"isSummary":true,"mapping":[{"identity":"rim","map":"n/a"},{"identity":"v2","map":"CE/CNE/CWE subset one of the sets of component 1-3 or 4-6"},{"identity":"rim","map":"CV"},{"identity":"orim","map":"fhir:Coding rdfs:subClassOf dt:CDCoding"},{"identity":"v2","map":"C*E.1-8, C*E.10-22"},{"identity":"rim","map":"union(., ./translation)"},{"identity":"orim","map":"fhir:CodeableConcept.coding rdfs:subPropertyOf dt:CD.coding"}]},{"id":"CodeableConcept.coding:ALBERTCODE.id","path":"CodeableConcept.coding.id","representation":["xmlAttr"],"short":"Unique id for inter-element referencing","definition":"Unique id for the element within a resource (for internal references). This may be any string value that does not contain spaces.","min":0,"max":"1","base":{"path":"Element.id","min":0,"max":"1"},"type":[{"_code":{"extension":[{"url":"http://hl7.org/fhir/StructureDefinition/structuredefinition-json-type","valueString":"string"},{"url":"http://hl7.org/fhir/StructureDefinition/structuredefinition-xml-type","valueString":"xsd:string"},{"url":"http://hl7.org/fhir/StructureDefinition/structuredefinition-rdf-type","valueString":"xsd:string"}]}}],"mapping":[{"identity":"rim","map":"n/a"}]},{"id":"CodeableConcept.coding:ALBERTCODE.extension","path":"CodeableConcept.coding.extension","slicing":{"discriminator":[{"type":"value","path":"url"}],"description":"Extensions are always sliced by (at least) url","rules":"open"},"short":"Additional content defined by implementations","definition":"May be used to represent additional information that is not part of the basic definition of the element. To make the use of extensions safe and manageable, there is a strict set of governance  applied to the definition and use of extensions. Though any implementer can define an extension, there is a set of requirements that SHALL be met as part of the definition of the extension.","comment":"There can be no stigma associated with the use of extensions by any application, project, or standard - regardless of the institution or jurisdiction that uses or defines the extensions.  The use of extensions is what allows the FHIR specification to retain a core level of simplicity for everyone.","alias":["extensions","user content"],"min":0,"max":"*","base":{"path":"Element.extension","min":0,"max":"*"},"type":[{"code":"Extension"}],"condition":["ele-1"],"constraint":[{"key":"ele-1","severity":"error","human":"All FHIR elements must have a @value or children","expression":"hasValue() or (children().count() > id.count())","xpath":"@value|f:*|h:div","source":"Element"},{"key":"ext-1","severity":"error","human":"Must have either extensions or value[x], not both","expression":"extension.exists() != value.exists()","xpath":"exists(f:extension)!=exists(f:*[starts-with(local-name(.), 'value')])","source":"Extension"}],"mapping":[{"identity":"rim","map":"n/a"},{"identity":"rim","map":"N/A"}]},{"id":"CodeableConcept.coding:ALBERTCODE.system","path":"CodeableConcept.coding.system","short":"Identity of the terminology system","definition":"The identification of the code system that defines the meaning of the symbol in the code.","comment":"The URI may be an OID (urn:oid:...) or a UUID (urn:uuid:...).  OIDs and UUIDs SHALL be references to the HL7 OID registry. Otherwise, the URI should come from HL7's list of FHIR defined special URIs or it should reference to some definition that establishes the system clearly and unambiguously.","requirements":"Need to be unambiguous about the source of the definition of the symbol.","min":0,"max":"1","base":{"path":"Coding.system","min":0,"max":"1"},"type":[{"code":"uri"}],"fixedUri":"https://www.ehealth.fgov.be/standards/fhir/CodeSystem/Albert","condition":["ele-1"],"constraint":[{"key":"ele-1","severity":"error","human":"All FHIR elements must have a @value or children","expression":"hasValue() or (children().count() > id.count())","xpath":"@value|f:*|h:div","source":"Element"}],"isSummary":true,"mapping":[{"identity":"rim","map":"n/a"},{"identity":"v2","map":"C*E.3"},{"identity":"rim","map":"./codeSystem"},{"identity":"orim","map":"fhir:Coding.system rdfs:subPropertyOf dt:CDCoding.codeSystem"}]},{"id":"CodeableConcept.coding:ALBERTCODE.version","path":"CodeableConcept.coding.version","short":"Version of the system - if relevant","definition":"The version of the code system which was used when choosing this code. Note that a well-maintained code system does not need the version reported, because the meaning of codes is consistent across versions. However this cannot consistently be assured, and when the meaning is not guaranteed to be consistent, the version SHOULD be exchanged.","comment":"Where the terminology does not clearly define what string should be used to identify code system versions, the recommendation is to use the date (expressed in FHIR date format) on which that version was officially published as the version date.","min":0,"max":"1","base":{"path":"Coding.version","min":0,"max":"1"},"type":[{"code":"string"}],"condition":["ele-1"],"constraint":[{"key":"ele-1","severity":"error","human":"All FHIR elements must have a @value or children","expression":"hasValue() or (children().count() > id.count())","xpath":"@value|f:*|h:div","source":"Element"}],"isSummary":true,"mapping":[{"identity":"rim","map":"n/a"},{"identity":"v2","map":"C*E.7"},{"identity":"rim","map":"./codeSystemVersion"},{"identity":"orim","map":"fhir:Coding.version rdfs:subPropertyOf dt:CDCoding.codeSystemVersion"}]},{"id":"CodeableConcept.coding:ALBERTCODE.code","path":"CodeableConcept.coding.code","short":"Symbol in syntax defined by the system","definition":"A symbol in syntax defined by the system. The symbol may be a predefined code or an expression in a syntax defined by the coding system (e.g. post-coordination).","comment":"Note that FHIR strings SHALL NOT exceed 1MB in size","requirements":"Need to refer to a particular code in the system.","min":1,"max":"1","base":{"path":"Coding.code","min":0,"max":"1"},"type":[{"code":"code"}],"condition":["ele-1"],"constraint":[{"key":"ele-1","severity":"error","human":"All FHIR elements must have a @value or children","expression":"hasValue() or (children().count() > id.count())","xpath":"@value|f:*|h:div","source":"Element"}],"isSummary":true,"mapping":[{"identity":"rim","map":"n/a"},{"identity":"v2","map":"C*E.1"},{"identity":"rim","map":"./code"},{"identity":"orim","map":"fhir:Coding.code rdfs:subPropertyOf dt:CDCoding.code"}]},{"id":"CodeableConcept.coding:ALBERTCODE.display","path":"CodeableConcept.coding.display","short":"Representation defined by the system","definition":"A representation of the meaning of the code in the system, following the rules of the system.","comment":"Note that FHIR strings SHALL NOT exceed 1MB in size","requirements":"Need to be able to carry a human-readable meaning of the code for readers that do not know  the system.","min":0,"max":"1","base":{"path":"Coding.display","min":0,"max":"1"},"type":[{"code":"string"}],"condition":["ele-1"],"constraint":[{"key":"ele-1","severity":"error","human":"All FHIR elements must have a @value or children","expression":"hasValue() or (children().count() > id.count())","xpath":"@value|f:*|h:div","source":"Element"}],"isSummary":true,"mapping":[{"identity":"rim","map":"n/a"},{"identity":"v2","map":"C*E.2 - but note this is not well followed"},{"identity":"rim","map":"CV.displayName"},{"identity":"orim","map":"fhir:Coding.display rdfs:subPropertyOf dt:CDCoding.displayName"}]},{"id":"CodeableConcept.coding:ALBERTCODE.userSelected","path":"CodeableConcept.coding.userSelected","short":"If this coding was chosen directly by the user","definition":"Indicates that this coding was chosen by a user directly - e.g. off a pick list of available items (codes or displays).","comment":"Amongst a set of alternatives, a directly chosen code is the most appropriate starting point for new translations. There is some ambiguity about what exactly 'directly chosen' implies, and trading partner agreement may be needed to clarify the use of this element and its consequences more completely.","requirements":"This has been identified as a clinical safety criterium - that this exact system/code pair was chosen explicitly, rather than inferred by the system based on some rules or language processing.","min":0,"max":"1","base":{"path":"Coding.userSelected","min":0,"max":"1"},"type":[{"code":"boolean"}],"condition":["ele-1"],"constraint":[{"key":"ele-1","severity":"error","human":"All FHIR elements must have a @value or children","expression":"hasValue() or (children().count() > id.count())","xpath":"@value|f:*|h:div","source":"Element"}],"isSummary":true,"mapping":[{"identity":"rim","map":"n/a"},{"identity":"v2","map":"Sometimes implied by being first"},{"identity":"rim","map":"CD.codingRationale"},{"identity":"orim","map":"fhir:Coding.userSelected fhir:mapsTo dt:CDCoding.codingRationale. fhir:Coding.userSelected fhir:hasMap fhir:Coding.userSelected.map. fhir:Coding.userSelected.map a fhir:Map;   fhir:target dt:CDCoding.codingRationale. fhir:Coding.userSelected\\#true a [     fhir:source \"true\";     fhir:target dt:CDCoding.codingRationale\\#O   ]"}]},{"id":"CodeableConcept.text","path":"CodeableConcept.text","short":"Plain text representation of the concept","definition":"A human language representation of the concept as seen/selected/uttered by the user who entered the data and/or which represents the intended meaning of the user.","comment":"Very often the text is the same as a displayName of one of the codings.","requirements":"The codes from the terminologies do not always capture the correct meaning with all the nuances of the human using them, or sometimes there is no appropriate code at all. In these cases, the text is used to capture the full meaning of the source.","min":0,"max":"1","base":{"path":"CodeableConcept.text","min":0,"max":"1"},"type":[{"code":"string"}],"condition":["ele-1"],"constraint":[{"key":"ele-1","severity":"error","human":"All FHIR elements must have a @value or children","expression":"hasValue() or (children().count() > id.count())","xpath":"@value|f:*|h:div","source":"Element"}],"isSummary":true,"mapping":[{"identity":"rim","map":"n/a"},{"identity":"v2","map":"C*E.9. But note many systems use C*E.2 for this"},{"identity":"rim","map":"./originalText[mediaType/code=\"text/plain\"]/data"},{"identity":"orim","map":"fhir:CodeableConcept.text rdfs:subPropertyOf dt:CD.originalText"}]}]},"differential":{"element":[{"id":"CodeableConcept.coding","path":"CodeableConcept.coding","slicing":{"discriminator":[{"type":"value","path":"system"}],"rules":"open"}},{"id":"CodeableConcept.coding:LOINC","path":"CodeableConcept.coding","sliceName":"LOINC"},{"id":"CodeableConcept.coding:LOINC.system","path":"CodeableConcept.coding.system","fixedUri":"http://loinc.org"},{"id":"CodeableConcept.coding:LOINC.code","path":"CodeableConcept.coding.code","min":1},{"id":"CodeableConcept.coding:SNOMED-CT","path":"CodeableConcept.coding","sliceName":"SNOMED-CT"},{"id":"CodeableConcept.coding:SNOMED-CT.system","path":"CodeableConcept.coding.system","fixedUri":"http://snomed.info/sct"},{"id":"CodeableConcept.coding:SNOMED-CT.code","path":"CodeableConcept.coding.code","min":1},{"id":"CodeableConcept.coding:ALBERTCODE","path":"CodeableConcept.coding","sliceName":"ALBERTCODE"},{"id":"CodeableConcept.coding:ALBERTCODE.system","path":"CodeableConcept.coding.system","fixedUri":"https://www.ehealth.fgov.be/standards/fhir/CodeSystem/Albert"},{"id":"CodeableConcept.coding:ALBERTCODE.code","path":"CodeableConcept.coding.code","min":1}]}}