{"resourceType":"ValueSet","id":"be-noallergy","text":{"status":"generated","div":"<div xmlns=\"http://www.w3.org/1999/xhtml\"><h2>BeNoAllergy</h2><div><p>Codes as communicated by the FOD Terminology Center differentiating types of no allergies. This valueset supports the Belgian federal FHIR profiling effort.</p>\n</div><p>This value set includes codes from the following code systems:</p><ul><li>Include these codes as defined in <a href=\"http://www.snomed.org/\"><code>http://snomed.info/sct</code></a><table class=\"none\"><tr><td style=\"white-space:nowrap\"><b>Code</b></td><td><b>Display</b></td></tr><tr><td><a href=\"http://browser.ihtsdotools.org/?perspective=full&amp;conceptId1=716186003\">716186003</a></td><td>No known allergy (situation)</td><td/></tr><tr><td><a href=\"http://browser.ihtsdotools.org/?perspective=full&amp;conceptId1=716220001\">716220001</a></td><td>No known animal allergy (situation)</td><td/></tr><tr><td><a href=\"http://browser.ihtsdotools.org/?perspective=full&amp;conceptId1=409137002\">409137002</a></td><td>No known drug allergy (situation)</td><td/></tr><tr><td><a href=\"http://browser.ihtsdotools.org/?perspective=full&amp;conceptId1=428607008\">428607008</a></td><td>No known environmental allergy (situation)</td><td/></tr><tr><td><a href=\"http://browser.ihtsdotools.org/?perspective=full&amp;conceptId1=429625007\">429625007</a></td><td>No known food allergy (situation)</td><td/></tr><tr><td><a href=\"http://browser.ihtsdotools.org/?perspective=full&amp;conceptId1=428197003\">428197003</a></td><td>No known insect allergy (situation)</td><td/></tr><tr><td><a href=\"http://browser.ihtsdotools.org/?perspective=full&amp;conceptId1=716184000\">716184000</a></td><td>No known latex allergy (situation)</td><td/></tr></table></li></ul><p><b>Additional Language Displays</b></p><table class=\"codes\"><tr><td><b>Code</b></td><td><b>English (English, en)</b></td><td><b>French (Belgium) (fr)</b></td><td><b>Nederlands (België) (Dutch (Belgium), nl)</b></td></tr><tr><td>716186003</td><td>No known allergy</td><td>pas d'allergie connue</td><td>geen gekende allergie</td></tr><tr><td>716220001</td><td>No known animal allergy</td><td>pas d'allergie aux animaux connue</td><td>geen gekende allergie voor dieren</td></tr><tr><td>409137002</td><td>No known drug allergy</td><td>pas d'allergie aux drogues et/ou médicaments connue</td><td>geen gekende drugs- en/of geneesmiddelenallergie</td></tr><tr><td>428607008</td><td>No known environmental allergy</td><td>pas d'allergie environnementale connue</td><td>geen gekende omgevingsgerelateerde allergie</td></tr><tr><td>429625007</td><td>No known food allergy</td><td>pas d'allergie alimentaire connue</td><td>geen gekende allergie voor voedsel</td></tr><tr><td>428197003</td><td>No known insect allergy</td><td>pas d'allergie aux insectes connue</td><td>geen gekende allergie voor insecten</td></tr><tr><td>716184000</td><td>No known latex allergy</td><td>pas d'allergie au latex connue</td><td>geen gekende allergie voor latex</td></tr></table></div>"},"url":"https://www.ehealth.fgov.be/standards/fhir/ValueSet/be-noallergy","version":"1.0.0","name":"BeNoAllergy","status":"draft","date":"2019-12-16T15:10:42+01:00","publisher":"eHealth Platform","contact":[{"telecom":[{"system":"other","value":"http://hl7.org/Special/committees/fiwg"}]}],"description":"Codes as communicated by the FOD Terminology Center differentiating types of no allergies. This valueset supports the Belgian federal FHIR profiling effort.","jurisdiction":[{"coding":[{"system":"http://unstats.un.org/unsd/methods/m49/m49.htm","code":"001"}]}],"compose":{"include":[{"system":"http://snomed.info/sct","concept":[{"code":"716186003","display":"No known allergy (situation)","designation":[{"use":{"system":"http://snomed.info/sct","code":"900000000000003001","display":"Fully specified name"},"value":"No known allergy (situation)"},{"language":"en","value":"No known allergy"},{"language":"nl-BE","value":"geen gekende allergie"},{"language":"fr-BE","value":"pas d'allergie connue"}]},{"code":"716220001","display":"No known animal allergy (situation)","designation":[{"use":{"system":"http://snomed.info/sct","code":"900000000000003001","display":"Fully specified name"},"value":"No known animal allergy (situation)"},{"language":"en","value":"No known animal allergy"},{"language":"nl-BE","value":"geen gekende allergie voor dieren"},{"language":"fr-BE","value":"pas d'allergie aux animaux connue"}]},{"code":"409137002","display":"No known drug allergy (situation)","designation":[{"use":{"system":"http://snomed.info/sct","code":"900000000000003001","display":"Fully specified name"},"value":"No known drug allergy (situation)"},{"language":"en","value":"No known drug allergy"},{"language":"nl-BE","value":"geen gekende drugs- en/of geneesmiddelenallergie"},{"language":"fr-BE","value":"pas d'allergie aux drogues et/ou médicaments connue"}]},{"code":"428607008","display":"No known environmental allergy (situation)","designation":[{"use":{"system":"http://snomed.info/sct","code":"900000000000003001","display":"Fully specified name"},"value":"No known environmental allergy (situation)"},{"language":"en","value":"No known environmental allergy"},{"language":"nl-BE","value":"geen gekende omgevingsgerelateerde allergie"},{"language":"fr-BE","value":"pas d'allergie environnementale connue"}]},{"code":"429625007","display":"No known food allergy (situation)","designation":[{"use":{"system":"http://snomed.info/sct","code":"900000000000003001","display":"Fully specified name"},"value":"No known food allergy (situation)"},{"language":"en","value":"No known food allergy"},{"language":"nl-BE","value":"geen gekende allergie voor voedsel"},{"language":"fr-BE","value":"pas d'allergie alimentaire connue"}]},{"code":"428197003","display":"No known insect allergy (situation)","designation":[{"use":{"system":"http://snomed.info/sct","code":"900000000000003001","display":"Fully specified name"},"value":"No known insect allergy (situation)"},{"language":"en","value":"No known insect allergy"},{"language":"nl-BE","value":"geen gekende allergie voor insecten"},{"language":"fr-BE","value":"pas d'allergie aux insectes connue"}]},{"code":"716184000","display":"No known latex allergy (situation)","designation":[{"use":{"system":"http://snomed.info/sct","code":"900000000000003001","display":"Fully specified name"},"value":"No known latex allergy (situation)"},{"language":"en","value":"No known latex allergy"},{"language":"nl-BE","value":"geen gekende allergie voor latex"},{"language":"fr-BE","value":"pas d'allergie au latex connue"}]}]}]}}