<?xml version="1.0" encoding="UTF-8"?><ImplementationGuide xmlns="http://hl7.org/fhir"><id value="hl7.be.core"/><text><status value="generated"/><div xmlns="http://www.w3.org/1999/xhtml"><h2>BaseIG</h2><p>The official URL for this implementation guide is: </p><pre>https://www.ehealth.fgov.be/standards/fhir/ImplementationGuide/hl7.be.core</pre><div><p>The Core Belgian Profiles provide the essential and common requirement for FHIR implementations in Belgium</p>
</div></div></text><url value="https://www.ehealth.fgov.be/standards/fhir/ImplementationGuide/hl7.be.core"/><name value="BaseIG"/><title value="ONLY TESTING PAGE - NO OFFICIAL CONTENT - THANK YOU FOR VISITING!!!!"/><status value="draft"/><experimental value="false"/><date value="2019-11-18T14:45:26+01:00"/><publisher value="HL7 Belgium"/><contact><telecom><system value="other"/><value value="http://hl7.org/Special/committees/fiwg"/></telecom></contact><description value="The Core Belgian Profiles provide the essential and common requirement for FHIR implementations in Belgium"/><jurisdiction><coding><system value="http://unstats.un.org/unsd/methods/m49/m49.htm"/><code value="001"/></coding></jurisdiction><packageId value="hl7.be.core"/><license value="CC0-1.0"/><fhirVersion value="4.0.1"/><definition><grouping id="core"><name value="Core Profiles"/><description value="Core resources to be reused in other resources"/></grouping><grouping id="condition"><name value="Conditions"/><description value="Resource profiles defined for conditions"/></grouping><resource><extension url="http://hl7.org/fhir/StructureDefinition/implementationguide-page"><valueUri value="be-allergyintolerance.html"/></extension><reference><reference value="StructureDefinition/be-allergyintolerance"/></reference><fhirVersion value="4.0.1"/><name value="Allergy Intolerance core BE profile"/><description value="The Core BE profile for Allergy Intolerance"/><groupingId value="condition"/></resource><resource><extension url="http://hl7.org/fhir/StructureDefinition/implementationguide-page"><valueUri value="be-practitionerrole.html"/></extension><reference><reference value="StructureDefinition/be-practitionerrole"/></reference><fhirVersion value="4.0.1"/><name value="Practitioner Role core BE profile"/><description value="The Core BE profile for Practitioner Role"/><groupingId value="core"/></resource><page><nameUrl value="toc.html"/><title value="Table of Contents"/><generation value="html"/><page><nameUrl value="index.html"/><title value="BE Core Home Page"/><generation value="html"/></page><page><nameUrl value="conventions.html"/><title value="Conventions"/><generation value="markdown"/></page><page><nameUrl value="functional-overview.html"/><title value="Functional Description"/><generation value="markdown"/></page><page><nameUrl value="logical-models.html"/><title value="Logical Data Models"/><generation value="markdown"/></page><page><nameUrl value="artifacts.html"/><title value="Artifacts"/><generation value="html"/><page><nameUrl value="be-practitionerrole.html"/><title value="Practitioner Role core BE profile"/><generation value="generated"/></page><page><nameUrl value="be-allergyintolerance.html"/><title value="Allergy Intolerance core BE profile"/><generation value="generated"/></page></page><page><nameUrl value="example-resources.html"/><title value="Example Resources"/><generation value="markdown"/></page><page><nameUrl value="example-scenarios.html"/><title value="Example Scenarios"/><generation value="markdown"/></page><page><nameUrl value="downloads.html"/><title value="Useful Downloads"/><generation value="html"/></page><page><nameUrl value="changes.html"/><title value="IG Change History"/><generation value="html"/></page></page><parameter><code value="path-resource"/><value value="input/capabilities"/></parameter><parameter><code value="path-resource"/><value value="input/examples"/></parameter><parameter><code value="path-resource"/><value value="input/extensions"/></parameter><parameter><code value="path-resource"/><value value="input/models"/></parameter><parameter><code value="path-resource"/><value value="input/operations"/></parameter><parameter><code value="path-resource"/><value value="input/profiles"/></parameter><parameter><code value="path-resource"/><value value="input/resources"/></parameter><parameter><code value="path-resource"/><value value="input/vocabulary"/></parameter><parameter><code value="path-pages"/><value value="input/pagecontent"/></parameter><parameter><code value="path-pages"/><value value="input/images"/></parameter><parameter><code value="path-qa"/><value value="temp/qa"/></parameter><parameter><code value="path-temp"/><value value="temp/pages"/></parameter><parameter><code value="path-output"/><value value="output"/></parameter><parameter><code value="path-tx-cache"/><value value="input-cache/txcache"/></parameter><parameter><code value="path-suppressed-warnings"/><value value="input/ignoreWarnings.txt"/></parameter><parameter><code value="template-html"/><value value="template-page.html"/></parameter><parameter><code value="template-md"/><value value="template-page-md.html"/></parameter><parameter><code value="apply-contact"/><value value="true"/></parameter><parameter><code value="apply-context"/><value value="true"/></parameter><parameter><code value="apply-copyright"/><value value="true"/></parameter><parameter><code value="apply-jurisdiction"/><value value="true"/></parameter><parameter><code value="apply-license"/><value value="true"/></parameter><parameter><code value="apply-publisher"/><value value="true"/></parameter><parameter><code value="apply-version"/><value value="true"/></parameter></definition></ImplementationGuide>