<?xml version="1.0" encoding="UTF-8"?><ValueSet xmlns="http://hl7.org/fhir"><id value="be-contactperson"/><text><status value="generated"/><div xmlns="http://www.w3.org/1999/xhtml"><h2>BeContactPerson</h2><div><p>Maximum valuest to define category of a contact person, using the HL7 values and the Belgian CD-CONTACT-PERSON values.</p>
</div><p>This value set includes codes from the following code systems:</p><ul><li>Include codes from <a href="http://hl7.org/fhir/R4/v2/0131/index.html"><code>http://terminology.hl7.org/CodeSystem/v2-0131</code></a> where concept  is-not-a  <a href="http://hl7.org/fhir/R4/v2/0131/index.html#v2-0131-O">O</a></li><li>Include these codes as defined in <a href="cd-contact-person.html"><code>https://www.ehealth.fgov.be/standards/fhir/CodeSystem/cd-contact-person</code></a><table class="none"><tr><td style="white-space:nowrap"><b>Code</b></td><td><b>Display</b></td></tr><tr><td><a href="cd-contact-person.html#cd-contact-person-father">father</a></td><td/><td/></tr><tr><td><a href="cd-contact-person.html#cd-contact-person-mother">mother</a></td><td/><td/></tr><tr><td><a href="cd-contact-person.html#cd-contact-person-child">child</a></td><td/><td/></tr><tr><td><a href="cd-contact-person.html#cd-contact-person-spouse">spouse</a></td><td/><td/></tr><tr><td><a href="cd-contact-person.html#cd-contact-person-husband">husband</a></td><td/><td/></tr><tr><td><a href="cd-contact-person.html#cd-contact-person-partner">partner</a></td><td/><td/></tr><tr><td><a href="cd-contact-person.html#cd-contact-person-brother">brother</a></td><td/><td/></tr><tr><td><a href="cd-contact-person.html#cd-contact-person-sister">sister</a></td><td/><td/></tr><tr><td><a href="cd-contact-person.html#cd-contact-person-brotherinlaw">brotherinlaw</a></td><td/><td/></tr><tr><td><a href="cd-contact-person.html#cd-contact-person-tutor">tutor</a></td><td/><td/></tr><tr><td><a href="cd-contact-person.html#cd-contact-person-notary">notary</a></td><td/><td/></tr><tr><td><a href="cd-contact-person.html#cd-contact-person-lawyer">lawyer</a></td><td/><td/></tr><tr><td><a href="cd-contact-person.html#cd-contact-person-employer">employer</a></td><td/><td/></tr><tr><td><a href="cd-contact-person.html#cd-contact-person-grandparent">grandparent</a></td><td/><td/></tr><tr><td><a href="cd-contact-person.html#cd-contact-person-son">son</a></td><td/><td/></tr><tr><td><a href="cd-contact-person.html#cd-contact-person-daughter">daughter</a></td><td/><td/></tr><tr><td><a href="cd-contact-person.html#cd-contact-person-grandchild">grandchild</a></td><td/><td/></tr><tr><td><a href="cd-contact-person.html#cd-contact-person-neighbour">neighbour</a></td><td/><td/></tr><tr><td><a href="cd-contact-person.html#cd-contact-person-stepson">stepson</a></td><td/><td/></tr><tr><td><a href="cd-contact-person.html#cd-contact-person-stepdaughter">stepdaughter</a></td><td/><td/></tr><tr><td><a href="cd-contact-person.html#cd-contact-person-stepfather">stepfather</a></td><td/><td/></tr><tr><td><a href="cd-contact-person.html#cd-contact-person-stepmother">stepmother</a></td><td/><td/></tr><tr><td><a href="cd-contact-person.html#cd-contact-person-sisterinlaw">sisterinlaw</a></td><td/><td/></tr></table></li></ul><p><b>Additional Language Displays</b></p><table class="codes"><tr><td><b>Code</b></td><td><b>English (English, en)</b></td></tr><tr><td>father</td><td>father</td></tr><tr><td>mother</td><td>mother</td></tr><tr><td>child</td><td>child</td></tr><tr><td>spouse</td><td>spouse</td></tr><tr><td>husband</td><td>husband</td></tr><tr><td>partner</td><td>partner</td></tr><tr><td>brother</td><td>brother</td></tr><tr><td>sister</td><td>sister</td></tr><tr><td>brotherinlaw</td><td>brother-in-law</td></tr><tr><td>tutor</td><td>tutor</td></tr><tr><td>notary</td><td>notary</td></tr><tr><td>lawyer</td><td>lawyer</td></tr><tr><td>employer</td><td>employer</td></tr><tr><td>grandparent</td><td>grandparent</td></tr><tr><td>son</td><td>son</td></tr><tr><td>daughter</td><td>daughter</td></tr><tr><td>grandchild</td><td>grandchild</td></tr><tr><td>neighbour</td><td>neighbour</td></tr><tr><td>stepson</td><td>stepson</td></tr><tr><td>stepdaughter</td><td>stepdaughter</td></tr><tr><td>stepfather</td><td>stepfather</td></tr><tr><td>stepmother</td><td>stepmother</td></tr><tr><td>sisterinlaw</td><td>sisterinlaw</td></tr></table></div></text><url value="https://www.ehealth.fgov.be/standards/fhir/ValueSet/be-contactperson"/><version value="0.1.0"/><name value="BeContactPerson"/><status value="draft"/><date value="2019-12-02T15:57:43+01:00"/><publisher value="eHealth Platform"/><contact><telecom><system value="other"/><value value="http://hl7.org/Special/committees/fiwg"/></telecom></contact><description value="Maximum valuest to define category of a contact person, using the HL7 values and the Belgian CD-CONTACT-PERSON values."/><jurisdiction><coding><system value="http://unstats.un.org/unsd/methods/m49/m49.htm"/><code value="001"/></coding></jurisdiction><compose><include><system value="http://terminology.hl7.org/CodeSystem/v2-0131"/><filter><property value="concept"/><op value="is-not-a"/><value value="O"/></filter></include><include><system value="https://www.ehealth.fgov.be/standards/fhir/CodeSystem/cd-contact-person"/><concept><code value="father"/><designation><language value="en"/><value value="father"/></designation></concept><concept><code value="mother"/><designation><language value="en"/><value value="mother"/></designation></concept><concept><code value="child"/><designation><language value="en"/><value value="child"/></designation></concept><concept><code value="spouse"/><designation><language value="en"/><value value="spouse"/></designation></concept><concept><code value="husband"/><designation><language value="en"/><value value="husband"/></designation></concept><concept><code value="partner"/><designation><language value="en"/><value value="partner"/></designation></concept><concept><code value="brother"/><designation><language value="en"/><value value="brother"/></designation></concept><concept><code value="sister"/><designation><language value="en"/><value value="sister"/></designation></concept><concept><code value="brotherinlaw"/><designation><language value="en"/><value value="brother-in-law"/></designation></concept><concept><code value="tutor"/><designation><language value="en"/><value value="tutor"/></designation></concept><concept><code value="notary"/><designation><language value="en"/><value value="notary"/></designation></concept><concept><code value="lawyer"/><designation><language value="en"/><value value="lawyer"/></designation></concept><concept><code value="employer"/><designation><language value="en"/><value value="employer"/></designation></concept><concept><code value="grandparent"/><designation><language value="en"/><value value="grandparent"/></designation></concept><concept><code value="son"/><designation><language value="en"/><value value="son"/></designation></concept><concept><code value="daughter"/><designation><language value="en"/><value value="daughter"/></designation></concept><concept><code value="grandchild"/><designation><language value="en"/><value value="grandchild"/></designation></concept><concept><code value="neighbour"/><designation><language value="en"/><value value="neighbour"/></designation></concept><concept><code value="stepson"/><designation><language value="en"/><value value="stepson"/></designation></concept><concept><code value="stepdaughter"/><designation><language value="en"/><value value="stepdaughter"/></designation></concept><concept><code value="stepfather"/><designation><language value="en"/><value value="stepfather"/></designation></concept><concept><code value="stepmother"/><designation><language value="en"/><value value="stepmother"/></designation></concept><concept><code value="sisterinlaw"/><designation><language value="en"/><value value="sisterinlaw"/></designation></concept></include></compose></ValueSet>