{
  "resourceType": "AllergyIntolerance",
  "id": "allergyintolerance1",
  "meta": {
    "versionId": "1",
    "lastUpdated": "2019-07-01T13:30:55.864+00:00",
    "profile": [
      "https://www.ehealth.fgov.be/standards/fhir/StructureDefinition/be-allergyintolerance"
    ]
  },
  "text": {
    "status": "generated",
    "div": "<div xmlns=\"http://www.w3.org/1999/xhtml\">\n      <p>\n        <b>Generated Narrative with Details</b>\n      </p>\n      <p>\n        <b>clinicalStatus</b>: Active <span>(Details : {http://terminology.hl7.org/CodeSystem/allergyintolerance-clinical code 'active' = 'Active', given as 'Active'})</span></p>\n      <p>\n        <b>verificationStatus</b>: Confirmed <span>(Details : {http://terminology.hl7.org/CodeSystem/allergyintolerance-verification code 'confirmed' = 'Confirmed', given as 'Confirmed'})</span></p>\n      <p>\n        <b>type</b>: allergy</p>\n      <p>\n        <b>category</b>: food</p>\n      <p>\n        <b>criticality</b>: high</p>\n      <p>\n        <b>code</b>: Peanut <span>(Details : {SNOMED CT code '762952008' = 'Peanut (substance)', given as 'Peanut (substance)'})</span></p>\n    </div>"
  },
  "clinicalStatus": {
    "coding": [
      {
        "system": "http://terminology.hl7.org/CodeSystem/allergyintolerance-clinical",
        "code": "active",
        "display": "Active"
      }
    ]
  },
  "verificationStatus": {
    "coding": [
      {
        "system": "http://terminology.hl7.org/CodeSystem/allergyintolerance-verification",
        "code": "confirmed"
      }
    ]
  },
  "type": "allergy",
  "category": [
    "food"
  ],
  "criticality": "high",
  "code": {
    "coding": [
      {
        "system": "http://snomed.info/sct",
        "code": "762952008",
        "display": "Peanut (substance)"
      }
    ],
    "text": "Allergic to peanut"
  },
  "patient": {
    "reference": "Patient/example"
  },
  "onsetDateTime": "2004",
  "recordedDate": "2014-10-09T14:58:00+11:00",
  "recorder": {
    "reference": "Practitioner/example"
  },
  "asserter": {
    "reference": "Patient/example"
  },
  "lastOccurrence": "2012-06",
  "note": [
    {
      "text": "Some extra information can be given here."
    }
  ],
  "reaction": [
    {
      "manifestation": [
        {
          "coding": [
            {
              "system": "http://snomed.info/sct",
              "code": "39579001",
              "display": "Anaphylactic reaction"
            }
          ]
        }
      ],
      "onset": "2012-06-12",
      "severity": "severe"
    }
  ]
}