{
  "resourceType": "CodeSystem",
  "id": "cd-contact-person",
  "text": {
    "status": "generated",
    "div": "<div xmlns=\"http://www.w3.org/1999/xhtml\"><h2>ContactPerson</h2><div><p>Contact person in Belgium.</p>\n</div><p>This code system https://www.ehealth.fgov.be/standards/fhir/CodeSystem/cd-contact-person defines the following codes:</p><table class=\"codes\"><tr><td style=\"white-space:nowrap\"><b>Code</b></td><td><b>Definition</b></td></tr><tr><td style=\"white-space:nowrap\">father<a name=\"cd-contact-person-father\"> </a></td><td/></tr><tr><td style=\"white-space:nowrap\">mother<a name=\"cd-contact-person-mother\"> </a></td><td/></tr><tr><td style=\"white-space:nowrap\">child<a name=\"cd-contact-person-child\"> </a></td><td/></tr><tr><td style=\"white-space:nowrap\">spouse<a name=\"cd-contact-person-spouse\"> </a></td><td/></tr><tr><td style=\"white-space:nowrap\">husband<a name=\"cd-contact-person-husband\"> </a></td><td/></tr><tr><td style=\"white-space:nowrap\">partner<a name=\"cd-contact-person-partner\"> </a></td><td/></tr><tr><td style=\"white-space:nowrap\">brother<a name=\"cd-contact-person-brother\"> </a></td><td/></tr><tr><td style=\"white-space:nowrap\">sister<a name=\"cd-contact-person-sister\"> </a></td><td/></tr><tr><td style=\"white-space:nowrap\">brotherinlaw<a name=\"cd-contact-person-brotherinlaw\"> </a></td><td/></tr><tr><td style=\"white-space:nowrap\">tutor<a name=\"cd-contact-person-tutor\"> </a></td><td/></tr><tr><td style=\"white-space:nowrap\">notary<a name=\"cd-contact-person-notary\"> </a></td><td/></tr><tr><td style=\"white-space:nowrap\">lawyer<a name=\"cd-contact-person-lawyer\"> </a></td><td/></tr><tr><td style=\"white-space:nowrap\">employer<a name=\"cd-contact-person-employer\"> </a></td><td/></tr><tr><td style=\"white-space:nowrap\">grandparent<a name=\"cd-contact-person-grandparent\"> </a></td><td/></tr><tr><td style=\"white-space:nowrap\">son<a name=\"cd-contact-person-son\"> </a></td><td/></tr><tr><td style=\"white-space:nowrap\">daughter<a name=\"cd-contact-person-daughter\"> </a></td><td/></tr><tr><td style=\"white-space:nowrap\">grandchild<a name=\"cd-contact-person-grandchild\"> </a></td><td/></tr><tr><td style=\"white-space:nowrap\">neighbour<a name=\"cd-contact-person-neighbour\"> </a></td><td/></tr><tr><td style=\"white-space:nowrap\">stepson<a name=\"cd-contact-person-stepson\"> </a></td><td/></tr><tr><td style=\"white-space:nowrap\">stepdaughter<a name=\"cd-contact-person-stepdaughter\"> </a></td><td/></tr><tr><td style=\"white-space:nowrap\">stepfather<a name=\"cd-contact-person-stepfather\"> </a></td><td/></tr><tr><td style=\"white-space:nowrap\">stepmother<a name=\"cd-contact-person-stepmother\"> </a></td><td/></tr><tr><td style=\"white-space:nowrap\">sisterinlaw<a name=\"cd-contact-person-sisterinlaw\"> </a></td><td/></tr></table></div>"
  },
  "url": "https://www.ehealth.fgov.be/standards/fhir/CodeSystem/cd-contact-person",
  "version": "1.2",
  "name": "ContactPerson",
  "title": "ContactPerson",
  "status": "active",
  "experimental": false,
  "date": "2019-12-02T15:57:43+01:00",
  "publisher": "eHealth Platform",
  "contact": [
    {
      "telecom": [
        {
          "system": "other",
          "value": "http://hl7.org/Special/committees/fiwg"
        }
      ]
    }
  ],
  "description": "Contact person in Belgium.",
  "jurisdiction": [
    {
      "coding": [
        {
          "system": "http://unstats.un.org/unsd/methods/m49/m49.htm",
          "code": "001"
        }
      ]
    }
  ],
  "caseSensitive": false,
  "content": "complete",
  "concept": [
    {
      "code": "father",
      "designation": [
        {
          "language": "en",
          "value": "father"
        }
      ]
    },
    {
      "code": "mother",
      "designation": [
        {
          "language": "en",
          "value": "mother"
        }
      ]
    },
    {
      "code": "child",
      "designation": [
        {
          "language": "en",
          "value": "child"
        }
      ]
    },
    {
      "code": "spouse",
      "designation": [
        {
          "language": "en",
          "value": "spouse"
        }
      ]
    },
    {
      "code": "husband",
      "designation": [
        {
          "language": "en",
          "value": "husband"
        }
      ]
    },
    {
      "code": "partner",
      "designation": [
        {
          "language": "en",
          "value": "partner"
        }
      ]
    },
    {
      "code": "brother",
      "designation": [
        {
          "language": "en",
          "value": "brother"
        }
      ]
    },
    {
      "code": "sister",
      "designation": [
        {
          "language": "en",
          "value": "sister"
        }
      ]
    },
    {
      "code": "brotherinlaw",
      "designation": [
        {
          "language": "en",
          "value": "brother-in-law"
        }
      ]
    },
    {
      "code": "tutor",
      "designation": [
        {
          "language": "en",
          "value": "tutor"
        }
      ]
    },
    {
      "code": "notary",
      "designation": [
        {
          "language": "en",
          "value": "notary"
        }
      ]
    },
    {
      "code": "lawyer",
      "designation": [
        {
          "language": "en",
          "value": "lawyer"
        }
      ]
    },
    {
      "code": "employer",
      "designation": [
        {
          "language": "en",
          "value": "employer"
        }
      ]
    },
    {
      "code": "grandparent",
      "designation": [
        {
          "language": "en",
          "value": "grandparent"
        }
      ]
    },
    {
      "code": "son",
      "designation": [
        {
          "language": "en",
          "value": "son"
        }
      ]
    },
    {
      "code": "daughter",
      "designation": [
        {
          "language": "en",
          "value": "daughter"
        }
      ]
    },
    {
      "code": "grandchild",
      "designation": [
        {
          "language": "en",
          "value": "grandchild"
        }
      ]
    },
    {
      "code": "neighbour",
      "designation": [
        {
          "language": "en",
          "value": "neighbour"
        }
      ]
    },
    {
      "code": "stepson",
      "designation": [
        {
          "language": "en",
          "value": "stepson"
        }
      ]
    },
    {
      "code": "stepdaughter",
      "designation": [
        {
          "language": "en",
          "value": "stepdaughter"
        }
      ]
    },
    {
      "code": "stepfather",
      "designation": [
        {
          "language": "en",
          "value": "stepfather"
        }
      ]
    },
    {
      "code": "stepmother",
      "designation": [
        {
          "language": "en",
          "value": "stepmother"
        }
      ]
    },
    {
      "code": "sisterinlaw",
      "designation": [
        {
          "language": "en",
          "value": "sisterinlaw"
        }
      ]
    }
  ]
}