<div xmlns="http://www.w3.org/1999/xhtml" xmlns:xsi="http://www.w3.org/2001/XMLSchema-instance" xsi:schemaLocation="http://hl7.org/fhir ../../src-generated/schemas/fhir-single.xsd">
  <a name="scope"> </a>
  <h3>Scope</h3>
	<p>
    THIS IS ONLY A TESTING PAGE!!!!!! NO OFFICIAL CONTENT HERE - THANK YOU FOR VISITING!!!!!!!!!!!!!!</p>
	<p>eHealth Platform publishes specific profiles and underlying valuesets, codesystems atc. and implementation guidelines for federal initiatives.</p>
	<p>As such, they are the base Belgian federal profiles and projects can use them and refer to them in their use cases.</p>
	
<blockquote class="stu-note">
  <a name="dstu"></a>
<strong>This documentation and set of artefacts are still undergoing development, and they are NOT to be taken by implementations.</strong>
The working groups of HL7 and the different interested parties are still defining the process, the requirements and the tooling. This is a placeholder or sandbox for content, and not any recommendation or preview, so there is no guarantee of completeness or correctness.
 THIS IS ONLY A TESTING PAGE!!!!!! NO OFFICIAL CONTENT HERE - THANK YOU FOR VISITING!!!!!!!!!!!!!!
</blockquote>

This specification contains: 
	<ul>
    <!--<li>Logical Models (in a future iteration), which describe describing several data sets and elements used in Belgian systems</li>-->
<li>Generalities and guidelines (on this page)</li>    
    <li>Value Sets and code systems, containing specific Belgian value sets</li>
    <li>Core profiles, which constitute the basis for Belgium FHIR profiling and can be reused in other profiles </li>
    <li>Functional Profiles, split by functional area for ease of access</li>
	<li>Examples, usage note: every effort has been made to ensure that the examples are correct and useful, but they are not a normative part of the specification.</li>
	</ul>
	<!--
	<ul>
    <li><a href="http://fhir.ivlab.ilabt.imec.be/be-fhir/artifacts.html#communication">Care coordination and Communication</a>, </li>
    <li><a href="http://fhir.ivlab.ilabt.imec.be/be-fhir/artifacts.html#communication">Patient conditions</a></li>
	</ul>
    <li>Required <a href="http://fhir.ivlab.ilabt.imec.be/be-fhir/artifacts.html#logical-models">Capability Statements</a> for systems to implement</li>
	</ul>
	-->
	<p>
    The implementation guide is structured to allow implementers to pick and choose the capabilities they need and combine them as necessary.
	</p>
	<a name="toc"> </a>
	<h3>Navigation</h3>
	<p>
    This implementation guide follows the FHIR pattern of being published as a web-based specification.  This
    allows easy navigation between the Belgium-specific portion of the implementation guide and the resources,
    data types, value sets and other specification components leveraged from the FHIR core specification.  This
    approach also allows implementers to easily navigate to the information needed to perform a task.
  </p>
	<p>
    A <a href="toc.html">Table of Contents</a> page is provided that lists all of the pages defined as part of this implementation guide.  (Do be aware 
    that some pages have multiple tabs.)  A table of contents is also available for the full <a href="{{site.data.fhir.path}}toc.html">FHIR specification</a> 
    if you really want to read absolutely everything.  There's also an <a href="artifacts.html">Artifact index</a> that lists all formal FHIR artifacts 
    defined within this implementation guide.  The <i>Support</i> menu provides links to the HL7 standards used by this implementation guide as well as
    providing a <a href="downloads.html">downloads</a> link to retrieve a local copy of this implementation guide and/or particular subsets of it.
  </p>
	<p>
    Bread-crumb navigation is provided in the gray bar just below the menu at the top of each page, allowing
    easy navigation back to the main page.
  </p>
  <p>
  </p>
  
  <h3>Generalities</h3>
  <p>There will be no Belgian publications replacing or describing the overall
base specifications of the HL7 FHIR standard – we consider the pages by HL7 to
be sufficient.</p>



<p>Implementers are encouraged to study the descriptions of the various
FHIR resources published by HL7, the published Belgian “be-“ profiles here and to
signal <a href="mailto:message-structure@ehealth.fgov.be">message-structure@ehealth.fgov.be</a>
concerning any ambiguities or initiatives that go outside of that realm. </p>

<p>Implementers SHALL take note every instance of a resource SHALL always
explicitely mark when a Belgian or other profile has been used. Implementers SHALL
be aware resources using different technical profiles might follow different
rules.</p>


<p>The Belgian profiling effort consists of an iterative approach. This
first iteration (2019) contains a basic set of profiles and guidelines on the resources
Patient, Practitioner, PractitionerRole, Organization, Observation, Provenance
and AllergyIntolerance.</p>

<p>Other profiles will be created and/or validated and added to this Belgian
set on on ongoing use case driven basis. </p>
  
<h3>Guidance</h3>
<p>As mentioned supra, the Belgian federal profiling effort considers 
all published rules or constraints defined by HL7 on the FHIR resources strictly as an integral part of the standard 
and as such, they SHALL be followed unless otherwise defined.</p>
<p>Any guidance presented in this guide is not meant as an exhaustive description of the FHIR standard. 
Rather, the guidelines presented here list some specific points of attention.</p>

<p>Unless stated otherwise, we consider the mapping between KMEHR
elements and the corresponding elements in FHIR resources to be overall self-evident.
Any mapping initiative SHOULD consider the fact the approach of information in
a KMEHR element as part of an XML document is fundamentally different from a
modular FHIR resource. </p>

<p>Some particularities in this context are described in the definitions or comments within the artefacts published in this guide when deemed
necessary. Note the direction in this is how to functionally express that what
is in KMEHR in FHIR, not the other way around. Attention points that could not directly be incorporated in the seperate artefacts follow here.</p>

<h4>Period</h4>
<p>Period is a FHIR field and datatype that is often used in FHIR to describe the period of validity of something. 
Depending on the information available, the period can include a start dateTime and/or an end dateTime.</p>
<p>Mostly the period is an optional item but in general, it is good practice, RECOMMENDED to add it when available.</p>
<p>Where it is specifically of interest to add it, it will be mentioned in the be- documentation.</p>


<h4>Canonical Identifiers</h4>
<p>
FHIR resources often contain canonical identifiers. This datatype uses an URI to refer to the used system. Note when these take the form of a URL they are not by definition resolvable.
Specific URIs to use in Belgian profiles can be found here: <a href="https://www.ehealth.fgov.be/standards/kmehr/en/page/oid-overview">oid-overview</a>.</p>
<p>Example:
<br>To refer to a number of the national registry:
&lt;identifier&gt; &lt;use value=&quot;official&quot;/&gt; &lt;system value=&quot;https://www.ehealth.fgov.be/standards/fhir/NamingSystem/ssin&quot;/&gt; &lt;value value=&quot;7031966696&quot;/&gt; &lt;/identifier&gt;

</br>
<p>Special Remarks for KMEHR users:
<br>Note there is no S=’LOCAL’ way in FHIR. A local system will be identified by its own unique URI.</br>
</p>

<h4>Textual and parts/structured information</h4>
<p>A narrative SHOULD be included in resource instances. When doing so, <a href="https://www.hl7.org/fhir/narrative.html#Narrative">the guidelines of the HL7 FHIR specification</a> SHALL be followed strictly.</p>
<p>Note when elements or datatypes give the option to express data structured and/or in text 
applications SHALL ensure that when both text and parts are present, no content is included in the text that isn't found in a part.</p>

<h4>ContactPoint</h4>
<p>Used in inter alia, Patient and Practioner resource.</p>
<p>Special remarks for KMEHR users:
<br>This information is typically retrieved in the KMEHR element &lt;telecom&gt;. That element uses both KMEHR tables CD-TELECOM (in its version 1.0) and CD-ADDRESS (in its version 1.1) to describe the actual telecom value.</br>
<br>Please take extra note of the accepted range of FHIR values in the ‘system’ and ‘use’ fields as FHIR uses its own tables to express this content. Further information about the functional meanings concerning the FHIR valueset can be found on its official page.</br>
<br>Take extra note of the way a mobile phone is expressed in KMEHR vs. FHIR.</br>
<table style="width:100%;border: 1px solid black;border-collapse: collapse;" >
<tr>
<th>KMEHR: CD-ADDRESS</th>
<th>FHIR: http://hl7.org/fhir/contact-point-use</th>
</tr>
<tr>
<td>careaddress</td>
<td>N/A; use value ‘temp.’ Also RECOMMENDED to add a ‘period’</td>
</tr>
<tr>
<td>home</td>
<td>home</td>
</tr>
<tr>
<td>other</td>
<td>N/A, use value ‘temp.’ Also RECOMMENDED to add a ‘period’</td>
</tr>
<tr>
<td>vacation</td>
<td>N/A, use value ‘temp.’ Also RECOMMENDED to add a ‘period’</td>
</tr>
<tr>
<td>work</td>
<td>work</td>
</tr>
<tr>
<td>N/A</td>
<td>old (RECOMMENDED to also use ‘period’ when using this)</td>
</tr>
<tr>
<td>N/A (cfr. table CD-TELECOM)</td>
<td>mobile (cfr. next table)</td>

</tr>
<tr>
<td>N/A</td>
<td>temp (RECOMMENDED to also use ‘period’ when using this)</td>
</tr>


</table>

<table style="width:100%;border: 1px solid black;border-collapse: collapse;" >
<tr><th>KMEHR CD-TELECOM</th><th>FHIR: https://www.hl7.org/fhir/r4/valueset-contact-point-system.html</th></tr> 
<tr><td>email</td><td>email</td></tr>
<tr><td>fax</td><td>fax</td></tr>
<tr><td>mobile</td><td>N/A (use ‘phone’ from this table + ‘mobile’ in table supra. In case of doubt or when needed to specifically specify it is a work or private mobile, it is RECOMMENDED to use ‘phone’ with ‘home’ or ‘work’.)</td></tr>

<tr><td>phone</td><td>phone</td></tr>
<tr><td>N/A</td><td>pager</td></tr>
<tr><td>N/A</td><td>url</td></tr>
<tr><td>N/A</td><td>sms</td></tr>
<tr><td>N/A</td><td>other</td></tr></table>
</p>

<h4>HumanName</h4>
<p>Special remarks for KMEHR users:
<br>In a KMEHR message, a human name is typically composed of one or more &lt;firstname&gt; elements and one &lt;familyname&gt; element. In the FHIR datatype HumanName, it is possible to map this using corresponding elements ‘given’ and ‘family’.</br>
<p>
Developers SHOULD take notice typical applications used to send information in a KMEHR context are centered around the approach of one familyname and one or more given names
</p>
<p>
When needed, the more elaborate possibilities available in the HumanName can be leveraged.
Note the HumanName.use is a required element. Typically the name that was used in KMEHR would be ‘official’. At least a HumanName with official use SHOULD be provided.
</p>
</p>
<h4>Address</h4>
<p>When needed in bilingual settings, an address MAY repeat using the standard HL7 extension for language.Note the HL7 specification points to the ‘text’ element as the most important element ‘to define what is printed on the envelope.For this purpose, as it is of the FHIR datatype ‘string’, it may contain some special characters like a carriage return.</p>
<p>It is RECOMMENDED to also use the available elements to model the address in a structured way. (These are available in the BeAddress profile in this guide as also already used in the Patient resource and others.)</p>
<p>
Note: if it is needed to express the same address in different languages: 
the entire Address element SHALL repeat with each time the language extension on its highest level within Address. 
This is only meant for use cases that actually involve addresses that exist in multiple 
languages (e.g. in the bilingual environment of Brussels-Capital Region) (also available in the BeAddress profile) </p>
<p>Special remarks for KMEHR users:
<br>Note when Address.use and Address.type are used they SHALL use the FHIR defined valuesets as per their required binding level in the FHIR specification. In a KMEHR address, the use was defined by CD-ADDRESS but those values can be found in the FHIR valueset. Cfr. table infra.</br>
<br>Note there is not a specific FHIR value for care address – it might be defined in a future iteration or the FHIR ‘temp’ value can be used.
In KMEHR, an address might be expressed using free text or a totally structured approach where the streetname and housenumber are put in separate fields. The structural approach is RECOMMENDED in FHIR using the streetname/number/box HL7 extensions defined in BeAddress.</br>
<br>Note the FHIR address also allows to optionally define whether the address is a physical, postal or ‘both’ address using the Address.type field.</br>
</p>
<table style="width:100%;border: 1px solid black;border-collapse: collapse;" >
<tr><th>KMEHR CD-ADDRESS</th><th>FHIR: http://hl7.org/fhir/address-usel</th></tr> 
<tr><td>home</td><td>home</td></tr>
<tr><td>other</td><td>N/A, use value ‘temp.’ Also RECOMMENDED to add a ‘period’</td></tr>
<tr><td>vacation</td><td>N/A, use value ‘temp.’ Also RECOMMENDED to add a ‘period’</td></tr>

<tr><td>work</td><td>work</td></tr>
<tr><td>N/A</td><td>old (RECOMMENDED to also use ‘period’ when using this)</td></tr>
<tr><td>N/A</td><td>billing</td></tr>
</table>
<h4>Country codes</h4>
<p>Concerning the codification of the country, the FHIR specification defines its country field as a string and suggests using a ISO 3166 2 or 3 letter codes.</p>
<p>As that 2-letter format is also the standard in a KMEHR address, it is hence RECOMMENDED to codify the country in the same way as in KMEHR.</p>

<h4>CodeableConcept</h4>
<p>Clinical information is typically expressed using some form of coded content and very often the FHIR datatype ‘CodeableConcept’ is used for this. “It is one of the most common patterns in healthcare data. A typical use of CodeableConcept is to send the local code that the concept was coded with, and also one or more translations to publicly defined code systems such as LOINC or SNOMED CT. Sending local codes is useful and important for the purposes of debugging and integrity auditing.” Equally important in this way, it is RECOMMENDED to add display values when sending codes.</p>
<p>Using UserSelected Boolean, it is possible to clarify which code was actually chosen by the user when multiple codes are sent. It is RECOMMENDED to use this Boolean.</p>
<p>Please note that although in some profiles only ‘0..1’ ‘CodeableConcept’ is mentioned in the structure, this datatype actually contains possibilities to use more codes to define one concept. Refer to the official HL7 specification for further examples.</p>
<p>Special remarks for KMEHR users:
<br>In many KMEHR messages there is the need to describe one concept with multiple coding systems. In KMEHR this is done by using multiple &lt;cd&gt; elements. In a FHIR profile, it will be very common to find the datatype to use for this is the Codeable Concept.</br>
<br>Note there is no S=’LOCAL’ way in FHIR. A local system will be identified by its own unique URI.</br></p>

	<a name="ip"> </a>
	<h3>Intellectual Property Considerations</h3>
	<p>
    While this implementation guide and the underlying FHIR are licensed as public domain, this guide includes examples making use of terminologies such 
    as LOINC, SNOMED CT and others which have more restrictive licensing requirements. Implementers should make themselves familiar with licensing and 
    any other constraints of terminologies, questionnaires, and other components used as part of their implementation process. In some cases, 
    licensing requirements may limit the systems that data captured using certain questionnaires may be shared with.
  </p>

	<a name="disclaimer"> </a>
	<h3>Disclaimer</h3>
	<p>
  
    The specification herewith documented is a draft working specification, and may not be used for any implementation purposes. 
    This draft is provided without warranty of completeness or consistency, and the official publication supersedes this draft.
    No liability can be inferred from the use or misuse of this specification, or its consequences.
  </p>
  </p>
</div>