{
  "resourceType": "Provenance",
  "id": "provenance1",
  "meta": {
    "versionId": "1",
    "lastUpdated": "2019-06-27T08:39:24+02:00",
    "profile": [
      "https://www.ehealth.fgov.be/standards/fhir/StructureDefinition/be-provenance"
    ]
  },
  "text": {
    "status": "generated",
    "div": "<div xmlns=\"http://www.w3.org/1999/xhtml\">Practitioner record created on 27-June 2019 by Enterprise Ziekenhuis Hospital.</div>"
  },
  "target": [
    {
      "reference": "Practitioner/2/_history/1"
    }
  ],
  "recorded": "2019-06-27T08:39:24+02:00",
  "reason": [
    {
      "coding": [
        {
          "system": "http://terminology.hl7.org/CodeSystem/v3-ActReason",
          "code": "HOPERAT",
          "display": "Healthcare Operations"
        }
      ]
    }
  ],
  "activity": {
    "coding": [
      {
        "system": "http://terminology.hl7.org/CodeSystem/v3-DataOperation",
        "code": "CREATE"
      }
    ]
  },
  "agent": [
    {
      "type": {
        "coding": [
          {
            "system": "http://terminology.hl7.org/CodeSystem/provenance-participant-type",
            "code": "author"
          }
        ]
      },
      "who": {
        "reference": "https://www.anotherfhirserver.be/fhir/Organization/02",
        "display": "Enterprise Hospital Ziekenhuis"
      }
    }
  ]
}