<?xml version="1.0" encoding="UTF-8"?>

<StructureDefinition xmlns="http://hl7.org/fhir">
  <id value="be-address"/>
  <text>
    <status value="generated"/><div xmlns="http://www.w3.org/1999/xhtml"><table border="0" cellpadding="0" cellspacing="0" style="border: 0px #F0F0F0 solid; font-size: 11px; font-family: verdana; vertical-align: top;"><tr style="border: 1px #F0F0F0 solid; font-size: 11px; font-family: verdana; vertical-align: top;"><th style="vertical-align: top; text-align : left; background-color: white; border: 0px #F0F0F0 solid; padding:0px 4px 0px 4px" class="hierarchy"><a href="http://hl7.org/fhir/R4/formats.html#table" title="The logical name of the element">Name</a></th><th style="vertical-align: top; text-align : left; background-color: white; border: 0px #F0F0F0 solid; padding:0px 4px 0px 4px" class="hierarchy"><a href="http://hl7.org/fhir/R4/formats.html#table" title="Information about the use of the element">Flags</a></th><th style="vertical-align: top; text-align : left; background-color: white; border: 0px #F0F0F0 solid; padding:0px 4px 0px 4px" class="hierarchy"><a href="http://hl7.org/fhir/R4/formats.html#table" title="Minimum and Maximum # of times the the element can appear in the instance">Card.</a></th><th style="width: 100px" class="hierarchy"><a href="http://hl7.org/fhir/R4/formats.html#table" title="Reference to the type of the element">Type</a></th><th style="vertical-align: top; text-align : left; background-color: white; border: 0px #F0F0F0 solid; padding:0px 4px 0px 4px" class="hierarchy"><a href="http://hl7.org/fhir/R4/formats.html#table" title="Additional information about the element">Description &amp; Constraints</a><span style="float: right"><a href="http://hl7.org/fhir/R4/formats.html#table" title="Legend for this format"><img src="http://hl7.org/fhir/R4/help16.png" alt="doco" style="background-color: inherit"/></a></span></th></tr><tr style="border: 0px #F0F0F0 solid; padding:0px; vertical-align: top; background-color: white;"><td style="vertical-align: top; text-align : left; background-color: white; border: 0px #F0F0F0 solid; padding:0px 4px 0px 4px; white-space: nowrap; background-image: url(tbl_bck1.png)" class="hierarchy"><img src="tbl_spacer.png" alt="." style="background-color: inherit" class="hierarchy"/><img src="icon_element.gif" alt="." style="background-color: white; background-color: inherit" title="Element" class="hierarchy"/> <a href="{{[id]}}-definitions.html#Address" title="null">Address</a><a name="Address"> </a></td><td style="vertical-align: top; text-align : left; background-color: white; border: 0px #F0F0F0 solid; padding:0px 4px 0px 4px" class="hierarchy"/><td style="vertical-align: top; text-align : left; background-color: white; border: 0px #F0F0F0 solid; padding:0px 4px 0px 4px" class="hierarchy"/><td style="vertical-align: top; text-align : left; background-color: white; border: 0px #F0F0F0 solid; padding:0px 4px 0px 4px" class="hierarchy"/><td style="vertical-align: top; text-align : left; background-color: white; border: 0px #F0F0F0 solid; padding:0px 4px 0px 4px" class="hierarchy"/></tr>
<tr style="border: 0px #F0F0F0 solid; padding:0px; vertical-align: top; background-color: #F7F7F7;"><td style="vertical-align: top; text-align : left; background-color: #F7F7F7; border: 0px #F0F0F0 solid; padding:0px 4px 0px 4px; white-space: nowrap; background-image: url(tbl_bck12.png)" class="hierarchy"><img src="tbl_spacer.png" alt="." style="background-color: inherit" class="hierarchy"/><img src="tbl_vjoin.png" alt="." style="background-color: inherit" class="hierarchy"/><img src="icon_extension_simple.png" alt="." style="background-color: #F7F7F7; background-color: inherit" title="Simple Extension" class="hierarchy"/> <a href="{{[id]}}-definitions.html#Address.extension" title="The Human Language of the item. Can be used to express the same address in multiple languages (e.g. in a Brussels setting)">extension</a><a name="Address.extension"> </a></td><td style="vertical-align: top; text-align : left; background-color: #F7F7F7; border: 0px #F0F0F0 solid; padding:0px 4px 0px 4px" class="hierarchy"/><td style="vertical-align: top; text-align : left; background-color: #F7F7F7; border: 0px #F0F0F0 solid; padding:0px 4px 0px 4px" class="hierarchy"/><td style="vertical-align: top; text-align : left; background-color: #F7F7F7; border: 0px #F0F0F0 solid; padding:0px 4px 0px 4px" class="hierarchy"/><td style="vertical-align: top; text-align : left; background-color: #F7F7F7; border: 0px #F0F0F0 solid; padding:0px 4px 0px 4px" class="hierarchy"><span style="font-weight:bold">Slice: </span>Unordered, Open by value:url</td></tr>
<tr style="border: 0px #F0F0F0 solid; padding:0px; vertical-align: top; background-color: white;"><td style="vertical-align: top; text-align : left; background-color: white; border: 0px #F0F0F0 solid; padding:0px 4px 0px 4px; white-space: nowrap; background-image: url(tbl_bck14.png)" class="hierarchy"><img src="tbl_spacer.png" alt="." style="background-color: inherit" class="hierarchy"/><img src="tbl_vjoin.png" alt="." style="background-color: inherit" class="hierarchy"/><img src="icon_slice_item.png" alt="." style="background-color: white; background-color: inherit" title="Slice Item" class="hierarchy"/> <a href="{{[id]}}-definitions.html#Address.extension:language" title="Extension URL = http://hl7.org/fhir/StructureDefinition/language">language</a><a name="Address.extension"> </a></td><td style="vertical-align: top; text-align : left; background-color: white; border: 0px #F0F0F0 solid; padding:0px 4px 0px 4px" class="hierarchy"/><td style="vertical-align: top; text-align : left; background-color: white; border: 0px #F0F0F0 solid; padding:0px 4px 0px 4px" class="hierarchy">0..1</td><td style="vertical-align: top; text-align : left; background-color: white; border: 0px #F0F0F0 solid; padding:0px 4px 0px 4px" class="hierarchy"><a href="http://hl7.org/fhir/R4/datatypes.html#code">code</a></td><td style="vertical-align: top; text-align : left; background-color: white; border: 0px #F0F0F0 solid; padding:0px 4px 0px 4px" class="hierarchy">Human Language for the item<br/><span style="font-weight:bold">URL: </span><a href="http://hl7.org/fhir/R4/extension-language.html">http://hl7.org/fhir/StructureDefinition/language</a><br/><span style="font-weight:bold">Binding: </span><a href="http://hl7.org/fhir/R4/valueset-languages.html">CommonLanguages</a> (<a href="http://hl7.org/fhir/R4/terminologies.html#preferred" title="Instances are encouraged to draw from the specified codes for interoperability purposes but are not required to do so to be considered conformant.">preferred</a>)<br/><a style="font-weight:bold" href="http://hl7.org/fhir/R4/extension-elementdefinition-maxvalueset.html" title="Max Value Set Extension">Max Binding: </a><a href="http://hl7.org/fhir/R4/valueset-all-languages.html">AllLanguages</a></td></tr>
<tr style="border: 0px #F0F0F0 solid; padding:0px; vertical-align: top; background-color: #F7F7F7;"><td style="vertical-align: top; text-align : left; background-color: #F7F7F7; border: 0px #F0F0F0 solid; padding:0px 4px 0px 4px; white-space: nowrap; background-image: url(tbl_bck11.png)" class="hierarchy"><img src="tbl_spacer.png" alt="." style="background-color: inherit" class="hierarchy"/><img src="tbl_vjoin.png" alt="." style="background-color: inherit" class="hierarchy"/><img src="icon_element.gif" alt="." style="background-color: #F7F7F7; background-color: inherit" title="Element" class="hierarchy"/> <a href="{{[id]}}-definitions.html#Address.line" title="This component contains the house number, apartment number, street name, street direction,  P.O. Box number, delivery hints, and similar address information. It is always RECOMMENDED to give these elements seperately using the defined extensions.">line</a><a name="Address.line"> </a></td><td style="vertical-align: top; text-align : left; background-color: #F7F7F7; border: 0px #F0F0F0 solid; padding:0px 4px 0px 4px" class="hierarchy"/><td style="vertical-align: top; text-align : left; background-color: #F7F7F7; border: 0px #F0F0F0 solid; padding:0px 4px 0px 4px" class="hierarchy"/><td style="vertical-align: top; text-align : left; background-color: #F7F7F7; border: 0px #F0F0F0 solid; padding:0px 4px 0px 4px" class="hierarchy"/><td style="vertical-align: top; text-align : left; background-color: #F7F7F7; border: 0px #F0F0F0 solid; padding:0px 4px 0px 4px" class="hierarchy"/></tr>
<tr style="border: 0px #F0F0F0 solid; padding:0px; vertical-align: top; background-color: white;"><td style="vertical-align: top; text-align : left; background-color: white; border: 0px #F0F0F0 solid; padding:0px 4px 0px 4px; white-space: nowrap; background-image: url(tbl_bck112.png)" class="hierarchy"><img src="tbl_spacer.png" alt="." style="background-color: inherit" class="hierarchy"/><img src="tbl_vline.png" alt="." style="background-color: inherit" class="hierarchy"/><img src="tbl_vjoin.png" alt="." style="background-color: inherit" class="hierarchy"/><img src="icon_extension_simple.png" alt="." style="background-color: white; background-color: inherit" title="Simple Extension" class="hierarchy"/> <a href="{{[id]}}-definitions.html#Address.line.extension" title="RECOMMENDED to use these extensions to define address elements.">extension</a><a name="Address.line.extension"> </a></td><td style="vertical-align: top; text-align : left; background-color: white; border: 0px #F0F0F0 solid; padding:0px 4px 0px 4px" class="hierarchy"/><td style="vertical-align: top; text-align : left; background-color: white; border: 0px #F0F0F0 solid; padding:0px 4px 0px 4px" class="hierarchy"/><td style="vertical-align: top; text-align : left; background-color: white; border: 0px #F0F0F0 solid; padding:0px 4px 0px 4px" class="hierarchy"/><td style="vertical-align: top; text-align : left; background-color: white; border: 0px #F0F0F0 solid; padding:0px 4px 0px 4px" class="hierarchy"><span style="font-weight:bold">Slice: </span>Unordered, Open by value:url</td></tr>
<tr style="border: 0px #F0F0F0 solid; padding:0px; vertical-align: top; background-color: #F7F7F7;"><td style="vertical-align: top; text-align : left; background-color: #F7F7F7; border: 0px #F0F0F0 solid; padding:0px 4px 0px 4px; white-space: nowrap; background-image: url(tbl_bck115.png)" class="hierarchy"><img src="tbl_spacer.png" alt="." style="background-color: inherit" class="hierarchy"/><img src="tbl_vline.png" alt="." style="background-color: inherit" class="hierarchy"/><img src="tbl_vjoin.png" alt="." style="background-color: inherit" class="hierarchy"/><img src="icon_slice_item.png" alt="." style="background-color: #F7F7F7; background-color: inherit" title="Slice Item" class="hierarchy"/> <a href="{{[id]}}-definitions.html#Address.line.extension:Streetname" title="Extension URL = http://hl7.org/fhir/StructureDefinition/iso21090-ADXP-streetName">iso21090-ADXP-streetName</a><a name="Address.line.extension"> </a></td><td style="vertical-align: top; text-align : left; background-color: #F7F7F7; border: 0px #F0F0F0 solid; padding:0px 4px 0px 4px" class="hierarchy"/><td style="vertical-align: top; text-align : left; background-color: #F7F7F7; border: 0px #F0F0F0 solid; padding:0px 4px 0px 4px" class="hierarchy">0..*</td><td style="vertical-align: top; text-align : left; background-color: #F7F7F7; border: 0px #F0F0F0 solid; padding:0px 4px 0px 4px" class="hierarchy"><a href="http://hl7.org/fhir/R4/datatypes.html#string">string</a></td><td style="vertical-align: top; text-align : left; background-color: #F7F7F7; border: 0px #F0F0F0 solid; padding:0px 4px 0px 4px" class="hierarchy">streetName<br/><span style="font-weight:bold">URL: </span><a href="http://hl7.org/fhir/R4/extension-iso21090-adxp-streetname.html">http://hl7.org/fhir/StructureDefinition/iso21090-ADXP-streetName</a></td></tr>
<tr style="border: 0px #F0F0F0 solid; padding:0px; vertical-align: top; background-color: white;"><td style="vertical-align: top; text-align : left; background-color: white; border: 0px #F0F0F0 solid; padding:0px 4px 0px 4px; white-space: nowrap; background-image: url(tbl_bck1140.png)" class="hierarchy"><img src="tbl_spacer.png" alt="." style="background-color: inherit" class="hierarchy"/><img src="tbl_vline.png" alt="." style="background-color: inherit" class="hierarchy"/><img src="tbl_vline.png" alt="." style="background-color: inherit" class="hierarchy"/><img src="tbl_vjoin_end_slice.png" alt="." style="background-color: inherit" class="hierarchy"/><img src="icon_primitive.png" alt="." style="background-color: white; background-color: inherit" title="Primitive Data Type" class="hierarchy"/> <a href="{{[id]}}-definitions.html#Address.line.extension:Streetname.value[x]" title="null">value[x]</a><a name="Address.line.extension.value_x_"> </a></td><td style="vertical-align: top; text-align : left; background-color: white; border: 0px #F0F0F0 solid; padding:0px 4px 0px 4px" class="hierarchy"/><td style="vertical-align: top; text-align : left; background-color: white; border: 0px #F0F0F0 solid; padding:0px 4px 0px 4px" class="hierarchy"/><td style="vertical-align: top; text-align : left; background-color: white; border: 0px #F0F0F0 solid; padding:0px 4px 0px 4px" class="hierarchy"><a href="http://hl7.org/fhir/R4/datatypes.html#string">string</a></td><td style="vertical-align: top; text-align : left; background-color: white; border: 0px #F0F0F0 solid; padding:0px 4px 0px 4px" class="hierarchy"/></tr>
<tr style="border: 0px #F0F0F0 solid; padding:0px; vertical-align: top; background-color: #F7F7F7;"><td style="vertical-align: top; text-align : left; background-color: #F7F7F7; border: 0px #F0F0F0 solid; padding:0px 4px 0px 4px; white-space: nowrap; background-image: url(tbl_bck115.png)" class="hierarchy"><img src="tbl_spacer.png" alt="." style="background-color: inherit" class="hierarchy"/><img src="tbl_vline.png" alt="." style="background-color: inherit" class="hierarchy"/><img src="tbl_vjoin.png" alt="." style="background-color: inherit" class="hierarchy"/><img src="icon_slice_item.png" alt="." style="background-color: #F7F7F7; background-color: inherit" title="Slice Item" class="hierarchy"/> <a href="{{[id]}}-definitions.html#Address.line.extension:Housenumber" title="Extension URL = http://hl7.org/fhir/StructureDefinition/iso21090-ADXP-houseNumber">iso21090-ADXP-houseNumber</a><a name="Address.line.extension"> </a></td><td style="vertical-align: top; text-align : left; background-color: #F7F7F7; border: 0px #F0F0F0 solid; padding:0px 4px 0px 4px" class="hierarchy"/><td style="vertical-align: top; text-align : left; background-color: #F7F7F7; border: 0px #F0F0F0 solid; padding:0px 4px 0px 4px" class="hierarchy">0..*</td><td style="vertical-align: top; text-align : left; background-color: #F7F7F7; border: 0px #F0F0F0 solid; padding:0px 4px 0px 4px" class="hierarchy"><a href="http://hl7.org/fhir/R4/datatypes.html#string">string</a></td><td style="vertical-align: top; text-align : left; background-color: #F7F7F7; border: 0px #F0F0F0 solid; padding:0px 4px 0px 4px" class="hierarchy">houseNumber<br/><span style="font-weight:bold">URL: </span><a href="http://hl7.org/fhir/R4/extension-iso21090-adxp-housenumber.html">http://hl7.org/fhir/StructureDefinition/iso21090-ADXP-houseNumber</a></td></tr>
<tr style="border: 0px #F0F0F0 solid; padding:0px; vertical-align: top; background-color: white;"><td style="vertical-align: top; text-align : left; background-color: white; border: 0px #F0F0F0 solid; padding:0px 4px 0px 4px; white-space: nowrap; background-image: url(tbl_bck1140.png)" class="hierarchy"><img src="tbl_spacer.png" alt="." style="background-color: inherit" class="hierarchy"/><img src="tbl_vline.png" alt="." style="background-color: inherit" class="hierarchy"/><img src="tbl_vline.png" alt="." style="background-color: inherit" class="hierarchy"/><img src="tbl_vjoin_end_slice.png" alt="." style="background-color: inherit" class="hierarchy"/><img src="icon_primitive.png" alt="." style="background-color: white; background-color: inherit" title="Primitive Data Type" class="hierarchy"/> <a href="{{[id]}}-definitions.html#Address.line.extension:Housenumber.value[x]" title="null">value[x]</a><a name="Address.line.extension.value_x_"> </a></td><td style="vertical-align: top; text-align : left; background-color: white; border: 0px #F0F0F0 solid; padding:0px 4px 0px 4px" class="hierarchy"/><td style="vertical-align: top; text-align : left; background-color: white; border: 0px #F0F0F0 solid; padding:0px 4px 0px 4px" class="hierarchy"/><td style="vertical-align: top; text-align : left; background-color: white; border: 0px #F0F0F0 solid; padding:0px 4px 0px 4px" class="hierarchy"><a href="http://hl7.org/fhir/R4/datatypes.html#string">string</a></td><td style="vertical-align: top; text-align : left; background-color: white; border: 0px #F0F0F0 solid; padding:0px 4px 0px 4px" class="hierarchy"/></tr>
<tr style="border: 0px #F0F0F0 solid; padding:0px; vertical-align: top; background-color: #F7F7F7;"><td style="vertical-align: top; text-align : left; background-color: #F7F7F7; border: 0px #F0F0F0 solid; padding:0px 4px 0px 4px; white-space: nowrap; background-image: url(tbl_bck105.png)" class="hierarchy"><img src="tbl_spacer.png" alt="." style="background-color: inherit" class="hierarchy"/><img src="tbl_vline.png" alt="." style="background-color: inherit" class="hierarchy"/><img src="tbl_vjoin_end.png" alt="." style="background-color: inherit" class="hierarchy"/><img src="icon_slice_item.png" alt="." style="background-color: #F7F7F7; background-color: inherit" title="Slice Item" class="hierarchy"/> <a href="{{[id]}}-definitions.html#Address.line.extension:Postbox" title="Extension URL = http://hl7.org/fhir/StructureDefinition/iso21090-ADXP-postBox">iso21090-ADXP-postBox</a><a name="Address.line.extension"> </a></td><td style="vertical-align: top; text-align : left; background-color: #F7F7F7; border: 0px #F0F0F0 solid; padding:0px 4px 0px 4px" class="hierarchy"/><td style="vertical-align: top; text-align : left; background-color: #F7F7F7; border: 0px #F0F0F0 solid; padding:0px 4px 0px 4px" class="hierarchy">0..*</td><td style="vertical-align: top; text-align : left; background-color: #F7F7F7; border: 0px #F0F0F0 solid; padding:0px 4px 0px 4px" class="hierarchy"><a href="http://hl7.org/fhir/R4/datatypes.html#string">string</a></td><td style="vertical-align: top; text-align : left; background-color: #F7F7F7; border: 0px #F0F0F0 solid; padding:0px 4px 0px 4px" class="hierarchy">postBox<br/><span style="font-weight:bold">URL: </span><a href="http://hl7.org/fhir/R4/extension-iso21090-adxp-postbox.html">http://hl7.org/fhir/StructureDefinition/iso21090-ADXP-postBox</a></td></tr>
<tr style="border: 0px #F0F0F0 solid; padding:0px; vertical-align: top; background-color: white;"><td style="vertical-align: top; text-align : left; background-color: white; border: 0px #F0F0F0 solid; padding:0px 4px 0px 4px; white-space: nowrap; background-image: url(tbl_bck1040.png)" class="hierarchy"><img src="tbl_spacer.png" alt="." style="background-color: inherit" class="hierarchy"/><img src="tbl_vline.png" alt="." style="background-color: inherit" class="hierarchy"/><img src="tbl_blank.png" alt="." style="background-color: inherit" class="hierarchy"/><img src="tbl_vjoin_end_slice.png" alt="." style="background-color: inherit" class="hierarchy"/><img src="icon_primitive.png" alt="." style="background-color: white; background-color: inherit" title="Primitive Data Type" class="hierarchy"/> <a href="{{[id]}}-definitions.html#Address.line.extension:Postbox.value[x]" title="null">value[x]</a><a name="Address.line.extension.value_x_"> </a></td><td style="vertical-align: top; text-align : left; background-color: white; border: 0px #F0F0F0 solid; padding:0px 4px 0px 4px" class="hierarchy"/><td style="vertical-align: top; text-align : left; background-color: white; border: 0px #F0F0F0 solid; padding:0px 4px 0px 4px" class="hierarchy"/><td style="vertical-align: top; text-align : left; background-color: white; border: 0px #F0F0F0 solid; padding:0px 4px 0px 4px" class="hierarchy"><a href="http://hl7.org/fhir/R4/datatypes.html#string">string</a></td><td style="vertical-align: top; text-align : left; background-color: white; border: 0px #F0F0F0 solid; padding:0px 4px 0px 4px" class="hierarchy"/></tr>
<tr style="border: 0px #F0F0F0 solid; padding:0px; vertical-align: top; background-color: #F7F7F7;"><td style="vertical-align: top; text-align : left; background-color: #F7F7F7; border: 0px #F0F0F0 solid; padding:0px 4px 0px 4px; white-space: nowrap; background-image: url(tbl_bck00.png)" class="hierarchy"><img src="tbl_spacer.png" alt="." style="background-color: inherit" class="hierarchy"/><img src="tbl_vjoin_end.png" alt="." style="background-color: inherit" class="hierarchy"/><img src="icon_element.gif" alt="." style="background-color: #F7F7F7; background-color: inherit" title="Element" class="hierarchy"/> <a href="{{[id]}}-definitions.html#Address.country" title="Country - a nation as commonly understood or generally accepted.
Concerning the codification of the country, the FHIR specification defines its country field as a string and suggests using a ISO 3166 2 or 3 letter codes.
As that 2-letter format is also the standard in a KMEHR address, it is hence RECOMMENDED to codify the country in the same way as in KMEHR.">country</a><a name="Address.country"> </a></td><td style="vertical-align: top; text-align : left; background-color: #F7F7F7; border: 0px #F0F0F0 solid; padding:0px 4px 0px 4px" class="hierarchy"/><td style="vertical-align: top; text-align : left; background-color: #F7F7F7; border: 0px #F0F0F0 solid; padding:0px 4px 0px 4px" class="hierarchy"/><td style="vertical-align: top; text-align : left; background-color: #F7F7F7; border: 0px #F0F0F0 solid; padding:0px 4px 0px 4px" class="hierarchy"/><td style="vertical-align: top; text-align : left; background-color: #F7F7F7; border: 0px #F0F0F0 solid; padding:0px 4px 0px 4px" class="hierarchy"/></tr>
<tr><td colspan="5" class="hierarchy"><br/><a href="http://hl7.org/fhir/R4/formats.html#table" title="Legend for this format"><img src="http://hl7.org/fhir/R4/help16.png" alt="doco" style="background-color: inherit"/> Documentation for this format</a></td></tr></table></div>
  </text>
  <url value="https://www.ehealth.fgov.be/standards/fhir/StructureDefinition/be-address"/>
  <version value="0.1.0"/>
  <name value="BeAddress"/>
  <status value="draft"/>
  <date value="2019-11-25T16:49:23+01:00"/>
  <publisher value="HL7 Belgium"/>
  <contact>
    <telecom>
      <system value="other"/>
      <value value="http://hl7.org/Special/committees/fiwg"/>
    </telecom>
  </contact>
  <description value="Belgain federal profile on address, to provide the possibility in the &#39;line&#39; element to provide a seperate streetname, housenumber and postal box. It is always RECOMMENDED to give these elements seperately."/>
  <jurisdiction>
    <coding>
      <system value="http://unstats.un.org/unsd/methods/m49/m49.htm"/>
      <code value="001"/>
    </coding>
  </jurisdiction>
  <fhirVersion value="4.0.1"/>
  <mapping>
    <identity value="v2"/>
    <uri value="http://hl7.org/v2"/>
    <name value="HL7 v2 Mapping"/>
  </mapping>
  <mapping>
    <identity value="rim"/>
    <uri value="http://hl7.org/v3"/>
    <name value="RIM Mapping"/>
  </mapping>
  <mapping>
    <identity value="servd"/>
    <uri value="http://www.omg.org/spec/ServD/1.0/"/>
    <name value="ServD"/>
  </mapping>
  <mapping>
    <identity value="vcard"/>
    <uri value="http://w3.org/vcard"/>
    <name value="vCard Mapping"/>
  </mapping>
  <kind value="complex-type"/>
  <abstract value="false"/>
  <type value="Address"/>
  <baseDefinition value="http://hl7.org/fhir/StructureDefinition/Address"/>
  <derivation value="constraint"/>
  <snapshot>
    <element id="Address">
      <path value="Address"/>
      <short value="An address expressed using postal conventions (as opposed to GPS or other location definition formats)"/>
      <definition value="An address expressed using postal conventions (as opposed to GPS or other location definition formats).  This data type may be used to convey addresses for use in delivering mail as well as for visiting locations which might not be valid for mail delivery.  There are a variety of postal address formats defined around the world."/>
      <comment value="Note: address is intended to describe postal addresses for administrative purposes, not to describe absolute geographical coordinates.  Postal addresses are often used as proxies for physical locations (also see the [Location](location.html#) resource).&#xD;&#xA;&#xD;&#xA;Special remarks for KMEHR users:&#xD;&#xA;&#xD;&#xA;Note when .use and .type are used they SHALL use the FHIR defined valuesets as per their required binding level in the FHIR specification. In a KMEHR address, the use was defined by CD-ADDRESS but those values can be found in the FHIR valueset.&#xD;&#xA;KMEHR values &#39;careadress&#39;, &#39;other&#39; and &#39;vacation&#39; are not directly present in the FHIR address-use table but can be mapped to the value &#39;temp&#39; in FHIR. In those cases, it is RECOMMENDED to also add a .period.&#xD;&#xA;In KMEHR, an address might be expressed using free text or a totally structured approach where the streetname and housenumber are put in separate fields. FHIR prefers a more pragmatic approach where the &#x2018;text&#x2019; element is used to print on labels. Also, streetname and number are not separate fields as in KMEHR but in a structural approach are given as one or moren &#x2018;line&#x2019; elements. It is however RECOMMENDED to use the Streetname, Housenumber and Postbox extensions to express them seperately.&#xD;&#xA;Note the FHIR address also allows to optionally define whether the address is a physical, postal or &#x2018;both&#x2019; address using the .type field."/>
      <min value="0"/>
      <max value="*"/>
      <base>
        <path value="Address"/>
        <min value="0"/>
        <max value="*"/>
      </base>
      <condition value="ele-1"/>
      <constraint>
        <key value="ele-1"/>
        <severity value="error"/>
        <human value="All FHIR elements must have a @value or children"/>
        <expression value="hasValue() or (children().count() &gt; id.count())"/>
        <xpath value="@value|f:*|h:div"/>
        <source value="Element"/>
      </constraint>
      <isModifier value="false"/>
      <mapping>
        <identity value="rim"/>
        <map value="n/a"/>
      </mapping>
      <mapping>
        <identity value="v2"/>
        <map value="XAD"/>
      </mapping>
      <mapping>
        <identity value="rim"/>
        <map value="AD"/>
      </mapping>
      <mapping>
        <identity value="servd"/>
        <map value="Address"/>
      </mapping>
    </element>
    <element id="Address.id">
      <path value="Address.id"/>
      <representation value="xmlAttr"/>
      <short value="Unique id for inter-element referencing"/>
      <definition value="Unique id for the element within a resource (for internal references). This may be any string value that does not contain spaces."/>
      <min value="0"/>
      <max value="1"/>
      <base>
        <path value="Element.id"/>
        <min value="0"/>
        <max value="1"/>
      </base>
      <type>
        <code value="string"/>
      </type>
      <isModifier value="false"/>
      <isSummary value="false"/>
      <mapping>
        <identity value="rim"/>
        <map value="n/a"/>
      </mapping>
    </element>
    <element id="Address.extension">
      <path value="Address.extension"/>
      <slicing>
        <discriminator>
          <type value="value"/>
          <path value="url"/>
        </discriminator>
        <description value="Extensions are always sliced by (at least) url"/>
        <rules value="open"/>
      </slicing>
      <short value="Extension"/>
      <definition value="The Human Language of the item. Can be used to express the same address in multiple languages (e.g. in a Brussels setting)"/>
      <min value="0"/>
      <max value="*"/>
      <base>
        <path value="Element.extension"/>
        <min value="0"/>
        <max value="*"/>
      </base>
      <type>
        <code value="Extension"/>
      </type>
      <isModifier value="false"/>
      <isSummary value="false"/>
    </element>
    <element id="Address.extension:language">
      <path value="Address.extension"/>
      <sliceName value="language"/>
      <short value="Human Language for the item"/>
      <definition value="The Human Language of the item."/>
      <comment value="This is used where an item may repeat to indicate the language of each repeat."/>
      <min value="0"/>
      <max value="*"/>
      <base>
        <path value="Element.extension"/>
        <min value="0"/>
        <max value="*"/>
      </base>
      <type>
        <code value="Extension"/>
        <profile value="http://hl7.org/fhir/StructureDefinition/language"/>
      </type>
      <isModifier value="false"/>
      <isSummary value="false"/>
    </element>
    <element id="Address.extension:language.id">
      <path value="Address.extension.id"/>
      <representation value="xmlAttr"/>
      <short value="Unique id for inter-element referencing"/>
      <definition value="Unique id for the element within a resource (for internal references). This may be any string value that does not contain spaces."/>
      <min value="0"/>
      <max value="1"/>
      <base>
        <path value="Element.id"/>
        <min value="0"/>
        <max value="1"/>
      </base>
      <type>
        <code value="string"/>
      </type>
      <isModifier value="false"/>
      <isSummary value="false"/>
      <mapping>
        <identity value="rim"/>
        <map value="n/a"/>
      </mapping>
    </element>
    <element id="Address.extension:language.extension">
      <path value="Address.extension.extension"/>
      <slicing>
        <discriminator>
          <type value="value"/>
          <path value="url"/>
        </discriminator>
        <description value="Extensions are always sliced by (at least) url"/>
        <rules value="open"/>
      </slicing>
      <short value="Extension"/>
      <definition value="An Extension"/>
      <min value="0"/>
      <max value="0"/>
      <base>
        <path value="Element.extension"/>
        <min value="0"/>
        <max value="*"/>
      </base>
      <type>
        <code value="Extension"/>
      </type>
      <isModifier value="false"/>
      <isSummary value="false"/>
    </element>
    <element id="Address.extension:language.url">
      <path value="Address.extension.url"/>
      <representation value="xmlAttr"/>
      <short value="identifies the meaning of the extension"/>
      <definition value="Source of the definition for the extension code - a logical name or a URL."/>
      <comment value="The definition may point directly to a computable or human-readable definition of the extensibility codes, or it may be a logical URI as declared in some other specification. The definition SHALL be a URI for the Structure Definition defining the extension."/>
      <min value="1"/>
      <max value="1"/>
      <base>
        <path value="Extension.url"/>
        <min value="1"/>
        <max value="1"/>
      </base>
      <type>
        <code value="uri"/>
      </type>
      <fixedUri value="http://hl7.org/fhir/StructureDefinition/language"/>
      <isModifier value="false"/>
      <isSummary value="false"/>
      <mapping>
        <identity value="rim"/>
        <map value="N/A"/>
      </mapping>
    </element>
    <element id="Address.extension:language.valueCode">
      <path value="Address.extension.valueCode"/>
      <short value="Value of extension"/>
      <definition value="Value of extension - must be one of a constrained set of the data types (see [Extensibility](extensibility.html) for a list)."/>
      <min value="0"/>
      <max value="1"/>
      <base>
        <path value="Extension.value[x]"/>
        <min value="0"/>
        <max value="1"/>
      </base>
      <type>
        <code value="code"/>
      </type>
      <isModifier value="false"/>
      <isSummary value="false"/>
      <binding>
        <extension url="http://hl7.org/fhir/StructureDefinition/elementdefinition-maxValueSet">
          <valueCanonical value="http://hl7.org/fhir/ValueSet/all-languages"/>
        </extension>
        <extension url="http://hl7.org/fhir/StructureDefinition/elementdefinition-bindingName">
          <valueString value="Language"/>
        </extension>
        <extension url="http://hl7.org/fhir/StructureDefinition/elementdefinition-isCommonBinding">
          <valueBoolean value="true"/>
        </extension>
        <strength value="preferred"/>
        <description value="A human language."/>
        <valueSet value="http://hl7.org/fhir/ValueSet/languages"/>
      </binding>
      <mapping>
        <identity value="rim"/>
        <map value="N/A"/>
      </mapping>
    </element>
    <element id="Address.use">
      <path value="Address.use"/>
      <short value="home | work | temp | old | billing - purpose of this address"/>
      <definition value="The purpose of this address."/>
      <comment value="Applications can assume that an address is current unless it explicitly says that it is temporary or old."/>
      <requirements value="Allows an appropriate address to be chosen from a list of many."/>
      <min value="0"/>
      <max value="1"/>
      <base>
        <path value="Address.use"/>
        <min value="0"/>
        <max value="1"/>
      </base>
      <type>
        <code value="code"/>
      </type>
      <example>
        <label value="General"/>
        <valueCode value="home"/>
      </example>
      <isModifier value="true"/>
      <isModifierReason value="This is labeled as &quot;Is Modifier&quot; because applications should not mistake a temporary or old address etc.for a current/permanent one"/>
      <isSummary value="true"/>
      <binding>
        <extension url="http://hl7.org/fhir/StructureDefinition/elementdefinition-bindingName">
          <valueString value="AddressUse"/>
        </extension>
        <strength value="required"/>
        <description value="The use of an address."/>
        <valueSet value="http://hl7.org/fhir/ValueSet/address-use|4.0.0"/>
      </binding>
      <mapping>
        <identity value="v2"/>
        <map value="XAD.7"/>
      </mapping>
      <mapping>
        <identity value="rim"/>
        <map value="unique(./use)"/>
      </mapping>
      <mapping>
        <identity value="servd"/>
        <map value="./AddressPurpose"/>
      </mapping>
    </element>
    <element id="Address.type">
      <path value="Address.type"/>
      <short value="postal | physical | both"/>
      <definition value="Distinguishes between physical addresses (those you can visit) and mailing addresses (e.g. PO Boxes and care-of addresses). Most addresses are both."/>
      <comment value="The definition of Address states that &quot;address is intended to describe postal addresses, not physical locations&quot;. However, many applications track whether an address has a dual purpose of being a location that can be visited as well as being a valid delivery destination, and Postal addresses are often used as proxies for physical locations (also see the [Location](location.html#) resource)."/>
      <min value="0"/>
      <max value="1"/>
      <base>
        <path value="Address.type"/>
        <min value="0"/>
        <max value="1"/>
      </base>
      <type>
        <code value="code"/>
      </type>
      <example>
        <label value="General"/>
        <valueCode value="both"/>
      </example>
      <isModifier value="false"/>
      <isSummary value="true"/>
      <binding>
        <extension url="http://hl7.org/fhir/StructureDefinition/elementdefinition-bindingName">
          <valueString value="AddressType"/>
        </extension>
        <strength value="required"/>
        <description value="The type of an address (physical / postal)."/>
        <valueSet value="http://hl7.org/fhir/ValueSet/address-type|4.0.0"/>
      </binding>
      <mapping>
        <identity value="v2"/>
        <map value="XAD.18"/>
      </mapping>
      <mapping>
        <identity value="rim"/>
        <map value="unique(./use)"/>
      </mapping>
      <mapping>
        <identity value="vcard"/>
        <map value="address type parameter"/>
      </mapping>
    </element>
    <element id="Address.text">
      <path value="Address.text"/>
      <short value="Text representation of the address"/>
      <definition value="Specifies the entire address as it should be displayed e.g. on a postal label. This may be provided instead of or as well as the specific parts."/>
      <comment value="Can provide both a text representation and parts. Applications updating an address SHALL ensure that  when both text and parts are present,  no content is included in the text that isn&#39;t found in a part."/>
      <requirements value="A renderable, unencoded form."/>
      <min value="0"/>
      <max value="1"/>
      <base>
        <path value="Address.text"/>
        <min value="0"/>
        <max value="1"/>
      </base>
      <type>
        <code value="string"/>
      </type>
      <example>
        <label value="General"/>
        <valueString value="137 Nowhere Street, Erewhon 9132"/>
      </example>
      <isModifier value="false"/>
      <isSummary value="true"/>
      <mapping>
        <identity value="v2"/>
        <map value="XAD.1 + XAD.2 + XAD.3 + XAD.4 + XAD.5 + XAD.6"/>
      </mapping>
      <mapping>
        <identity value="rim"/>
        <map value="./formatted"/>
      </mapping>
      <mapping>
        <identity value="vcard"/>
        <map value="address label parameter"/>
      </mapping>
    </element>
    <element id="Address.line">
      <path value="Address.line"/>
      <short value="Street name, number, direction &amp; P.O. Box etc."/>
      <definition value="This component contains the house number, apartment number, street name, street direction,  P.O. Box number, delivery hints, and similar address information. It is always RECOMMENDED to give these elements seperately using the defined extensions."/>
      <min value="0"/>
      <max value="*"/>
      <base>
        <path value="Address.line"/>
        <min value="0"/>
        <max value="*"/>
      </base>
      <type>
        <code value="string"/>
      </type>
      <orderMeaning value="The order in which lines should appear in an address label"/>
      <example>
        <label value="General"/>
        <valueString value="137 Nowhere Street"/>
      </example>
      <isModifier value="false"/>
      <isSummary value="true"/>
      <mapping>
        <identity value="v2"/>
        <map value="XAD.1 + XAD.2 (note: XAD.1 and XAD.2 have different meanings for a company address than for a person address)"/>
      </mapping>
      <mapping>
        <identity value="rim"/>
        <map value="AD.part[parttype = AL]"/>
      </mapping>
      <mapping>
        <identity value="vcard"/>
        <map value="street"/>
      </mapping>
      <mapping>
        <identity value="servd"/>
        <map value="./StreetAddress (newline delimitted)"/>
      </mapping>
    </element>
    <element id="Address.line.id">
      <path value="Address.line.id"/>
      <representation value="xmlAttr"/>
      <short value="xml:id (or equivalent in JSON)"/>
      <definition value="unique id for the element within a resource (for internal references)"/>
      <min value="0"/>
      <max value="1"/>
      <base>
        <path value="Element.id"/>
        <min value="0"/>
        <max value="1"/>
      </base>
      <type>
        <code value="string"/>
      </type>
      <isModifier value="false"/>
      <isSummary value="false"/>
    </element>
    <element id="Address.line.extension">
      <path value="Address.line.extension"/>
      <slicing>
        <discriminator>
          <type value="value"/>
          <path value="url"/>
        </discriminator>
        <rules value="open"/>
      </slicing>
      <short value="Extension"/>
      <definition value="RECOMMENDED to use these extensions to define address elements."/>
      <min value="0"/>
      <max value="*"/>
      <base>
        <path value="Element.extension"/>
        <min value="0"/>
        <max value="*"/>
      </base>
      <type>
        <code value="Extension"/>
      </type>
      <isModifier value="false"/>
      <isSummary value="false"/>
    </element>
    <element id="Address.line.extension:Streetname">
      <path value="Address.line.extension"/>
      <sliceName value="Streetname"/>
      <short value="streetName"/>
      <definition value="streetName."/>
      <min value="0"/>
      <max value="*"/>
      <base>
        <path value="Element.extension"/>
        <min value="0"/>
        <max value="*"/>
      </base>
      <type>
        <code value="Extension"/>
        <profile value="http://hl7.org/fhir/StructureDefinition/iso21090-ADXP-streetName"/>
      </type>
      <condition value="ele-1"/>
      <constraint>
        <key value="ele-1"/>
        <severity value="error"/>
        <human value="All FHIR elements must have a @value or children"/>
        <expression value="hasValue() or (children().count() &gt; id.count())"/>
        <xpath value="@value|f:*|h:div"/>
        <source value="Element"/>
      </constraint>
      <constraint>
        <key value="ext-1"/>
        <severity value="error"/>
        <human value="Must have either extensions or value[x], not both"/>
        <expression value="extension.exists() != value.exists()"/>
        <xpath value="exists(f:extension)!=exists(f:*[starts-with(local-name(.), &#39;value&#39;)])"/>
        <source value="Extension"/>
      </constraint>
      <isModifier value="false"/>
      <mapping>
        <identity value="rim"/>
        <map value="ADXP[partType=STR]"/>
      </mapping>
    </element>
    <element id="Address.line.extension:Streetname.id">
      <path value="Address.line.extension.id"/>
      <representation value="xmlAttr"/>
      <short value="Unique id for inter-element referencing"/>
      <definition value="Unique id for the element within a resource (for internal references). This may be any string value that does not contain spaces."/>
      <min value="0"/>
      <max value="1"/>
      <base>
        <path value="Element.id"/>
        <min value="0"/>
        <max value="1"/>
      </base>
      <type>
        <code value="string"/>
      </type>
      <isModifier value="false"/>
      <isSummary value="false"/>
      <mapping>
        <identity value="rim"/>
        <map value="n/a"/>
      </mapping>
    </element>
    <element id="Address.line.extension:Streetname.extension">
      <path value="Address.line.extension.extension"/>
      <slicing>
        <discriminator>
          <type value="value"/>
          <path value="url"/>
        </discriminator>
        <description value="Extensions are always sliced by (at least) url"/>
        <rules value="open"/>
      </slicing>
      <short value="Extension"/>
      <definition value="An Extension"/>
      <min value="0"/>
      <max value="0"/>
      <base>
        <path value="Element.extension"/>
        <min value="0"/>
        <max value="*"/>
      </base>
      <type>
        <code value="Extension"/>
      </type>
      <isModifier value="false"/>
      <isSummary value="false"/>
    </element>
    <element id="Address.line.extension:Streetname.url">
      <path value="Address.line.extension.url"/>
      <representation value="xmlAttr"/>
      <short value="identifies the meaning of the extension"/>
      <definition value="Source of the definition for the extension code - a logical name or a URL."/>
      <comment value="The definition may point directly to a computable or human-readable definition of the extensibility codes, or it may be a logical URI as declared in some other specification. The definition SHALL be a URI for the Structure Definition defining the extension."/>
      <min value="1"/>
      <max value="1"/>
      <base>
        <path value="Extension.url"/>
        <min value="1"/>
        <max value="1"/>
      </base>
      <type>
        <code value="uri"/>
      </type>
      <fixedUri value="http://hl7.org/fhir/StructureDefinition/iso21090-ADXP-streetName"/>
      <isModifier value="false"/>
      <isSummary value="false"/>
      <mapping>
        <identity value="rim"/>
        <map value="N/A"/>
      </mapping>
    </element>
    <element id="Address.line.extension:Streetname.valueString">
      <path value="Address.line.extension.valueString"/>
      <short value="Value of extension"/>
      <definition value="Value of extension - must be one of a constrained set of the data types (see [Extensibility](extensibility.html) for a list)."/>
      <min value="0"/>
      <max value="1"/>
      <base>
        <path value="Extension.value[x]"/>
        <min value="0"/>
        <max value="1"/>
      </base>
      <type>
        <code value="string"/>
      </type>
      <isModifier value="false"/>
      <isSummary value="false"/>
      <mapping>
        <identity value="rim"/>
        <map value="N/A"/>
      </mapping>
    </element>
    <element id="Address.line.extension:Housenumber">
      <path value="Address.line.extension"/>
      <sliceName value="Housenumber"/>
      <short value="houseNumber"/>
      <definition value="The number of a building, house or lot alongside the street. Also known as &quot;primary street number&quot;. This does not number the street but rather the building."/>
      <min value="0"/>
      <max value="*"/>
      <base>
        <path value="Element.extension"/>
        <min value="0"/>
        <max value="*"/>
      </base>
      <type>
        <code value="Extension"/>
        <profile value="http://hl7.org/fhir/StructureDefinition/iso21090-ADXP-houseNumber"/>
      </type>
      <condition value="ele-1"/>
      <constraint>
        <key value="ele-1"/>
        <severity value="error"/>
        <human value="All FHIR elements must have a @value or children"/>
        <expression value="hasValue() or (children().count() &gt; id.count())"/>
        <xpath value="@value|f:*|h:div"/>
        <source value="Element"/>
      </constraint>
      <constraint>
        <key value="ext-1"/>
        <severity value="error"/>
        <human value="Must have either extensions or value[x], not both"/>
        <expression value="extension.exists() != value.exists()"/>
        <xpath value="exists(f:extension)!=exists(f:*[starts-with(local-name(.), &#39;value&#39;)])"/>
        <source value="Extension"/>
      </constraint>
      <isModifier value="false"/>
      <mapping>
        <identity value="rim"/>
        <map value="ADXP[partType=BNR]"/>
      </mapping>
    </element>
    <element id="Address.line.extension:Housenumber.id">
      <path value="Address.line.extension.id"/>
      <representation value="xmlAttr"/>
      <short value="Unique id for inter-element referencing"/>
      <definition value="Unique id for the element within a resource (for internal references). This may be any string value that does not contain spaces."/>
      <min value="0"/>
      <max value="1"/>
      <base>
        <path value="Element.id"/>
        <min value="0"/>
        <max value="1"/>
      </base>
      <type>
        <code value="string"/>
      </type>
      <isModifier value="false"/>
      <isSummary value="false"/>
      <mapping>
        <identity value="rim"/>
        <map value="n/a"/>
      </mapping>
    </element>
    <element id="Address.line.extension:Housenumber.extension">
      <path value="Address.line.extension.extension"/>
      <slicing>
        <discriminator>
          <type value="value"/>
          <path value="url"/>
        </discriminator>
        <description value="Extensions are always sliced by (at least) url"/>
        <rules value="open"/>
      </slicing>
      <short value="Extension"/>
      <definition value="An Extension"/>
      <min value="0"/>
      <max value="0"/>
      <base>
        <path value="Element.extension"/>
        <min value="0"/>
        <max value="*"/>
      </base>
      <type>
        <code value="Extension"/>
      </type>
      <isModifier value="false"/>
      <isSummary value="false"/>
    </element>
    <element id="Address.line.extension:Housenumber.url">
      <path value="Address.line.extension.url"/>
      <representation value="xmlAttr"/>
      <short value="identifies the meaning of the extension"/>
      <definition value="Source of the definition for the extension code - a logical name or a URL."/>
      <comment value="The definition may point directly to a computable or human-readable definition of the extensibility codes, or it may be a logical URI as declared in some other specification. The definition SHALL be a URI for the Structure Definition defining the extension."/>
      <min value="1"/>
      <max value="1"/>
      <base>
        <path value="Extension.url"/>
        <min value="1"/>
        <max value="1"/>
      </base>
      <type>
        <code value="uri"/>
      </type>
      <fixedUri value="http://hl7.org/fhir/StructureDefinition/iso21090-ADXP-houseNumber"/>
      <isModifier value="false"/>
      <isSummary value="false"/>
      <mapping>
        <identity value="rim"/>
        <map value="N/A"/>
      </mapping>
    </element>
    <element id="Address.line.extension:Housenumber.valueString">
      <path value="Address.line.extension.valueString"/>
      <short value="Value of extension"/>
      <definition value="Value of extension - must be one of a constrained set of the data types (see [Extensibility](extensibility.html) for a list)."/>
      <min value="0"/>
      <max value="1"/>
      <base>
        <path value="Extension.value[x]"/>
        <min value="0"/>
        <max value="1"/>
      </base>
      <type>
        <code value="string"/>
      </type>
      <isModifier value="false"/>
      <isSummary value="false"/>
      <mapping>
        <identity value="rim"/>
        <map value="N/A"/>
      </mapping>
    </element>
    <element id="Address.line.extension:Postbox">
      <path value="Address.line.extension"/>
      <sliceName value="Postbox"/>
      <short value="postBox"/>
      <definition value="A numbered box located in a post station."/>
      <min value="0"/>
      <max value="*"/>
      <base>
        <path value="Element.extension"/>
        <min value="0"/>
        <max value="*"/>
      </base>
      <type>
        <code value="Extension"/>
        <profile value="http://hl7.org/fhir/StructureDefinition/iso21090-ADXP-postBox"/>
      </type>
      <condition value="ele-1"/>
      <constraint>
        <key value="ele-1"/>
        <severity value="error"/>
        <human value="All FHIR elements must have a @value or children"/>
        <expression value="hasValue() or (children().count() &gt; id.count())"/>
        <xpath value="@value|f:*|h:div"/>
        <source value="Element"/>
      </constraint>
      <constraint>
        <key value="ext-1"/>
        <severity value="error"/>
        <human value="Must have either extensions or value[x], not both"/>
        <expression value="extension.exists() != value.exists()"/>
        <xpath value="exists(f:extension)!=exists(f:*[starts-with(local-name(.), &#39;value&#39;)])"/>
        <source value="Extension"/>
      </constraint>
      <isModifier value="false"/>
      <mapping>
        <identity value="rim"/>
        <map value="ADXP[partType=POB]"/>
      </mapping>
    </element>
    <element id="Address.line.extension:Postbox.id">
      <path value="Address.line.extension.id"/>
      <representation value="xmlAttr"/>
      <short value="Unique id for inter-element referencing"/>
      <definition value="Unique id for the element within a resource (for internal references). This may be any string value that does not contain spaces."/>
      <min value="0"/>
      <max value="1"/>
      <base>
        <path value="Element.id"/>
        <min value="0"/>
        <max value="1"/>
      </base>
      <type>
        <code value="string"/>
      </type>
      <isModifier value="false"/>
      <isSummary value="false"/>
      <mapping>
        <identity value="rim"/>
        <map value="n/a"/>
      </mapping>
    </element>
    <element id="Address.line.extension:Postbox.extension">
      <path value="Address.line.extension.extension"/>
      <slicing>
        <discriminator>
          <type value="value"/>
          <path value="url"/>
        </discriminator>
        <description value="Extensions are always sliced by (at least) url"/>
        <rules value="open"/>
      </slicing>
      <short value="Extension"/>
      <definition value="An Extension"/>
      <min value="0"/>
      <max value="0"/>
      <base>
        <path value="Element.extension"/>
        <min value="0"/>
        <max value="*"/>
      </base>
      <type>
        <code value="Extension"/>
      </type>
      <isModifier value="false"/>
      <isSummary value="false"/>
    </element>
    <element id="Address.line.extension:Postbox.url">
      <path value="Address.line.extension.url"/>
      <representation value="xmlAttr"/>
      <short value="identifies the meaning of the extension"/>
      <definition value="Source of the definition for the extension code - a logical name or a URL."/>
      <comment value="The definition may point directly to a computable or human-readable definition of the extensibility codes, or it may be a logical URI as declared in some other specification. The definition SHALL be a URI for the Structure Definition defining the extension."/>
      <min value="1"/>
      <max value="1"/>
      <base>
        <path value="Extension.url"/>
        <min value="1"/>
        <max value="1"/>
      </base>
      <type>
        <code value="uri"/>
      </type>
      <fixedUri value="http://hl7.org/fhir/StructureDefinition/iso21090-ADXP-postBox"/>
      <isModifier value="false"/>
      <isSummary value="false"/>
      <mapping>
        <identity value="rim"/>
        <map value="N/A"/>
      </mapping>
    </element>
    <element id="Address.line.extension:Postbox.valueString">
      <path value="Address.line.extension.valueString"/>
      <short value="Value of extension"/>
      <definition value="Value of extension - must be one of a constrained set of the data types (see [Extensibility](extensibility.html) for a list)."/>
      <min value="0"/>
      <max value="1"/>
      <base>
        <path value="Extension.value[x]"/>
        <min value="0"/>
        <max value="1"/>
      </base>
      <type>
        <code value="string"/>
      </type>
      <isModifier value="false"/>
      <isSummary value="false"/>
      <mapping>
        <identity value="rim"/>
        <map value="N/A"/>
      </mapping>
    </element>
    <element id="Address.line.value">
      <path value="Address.line.value"/>
      <representation value="xmlAttr"/>
      <short value="Primitive value for string"/>
      <definition value="The actual value"/>
      <min value="0"/>
      <max value="1"/>
      <base>
        <path value="string.value"/>
        <min value="0"/>
        <max value="1"/>
      </base>
      <type>
        <extension url="http://hl7.org/fhir/StructureDefinition/regex">
          <valueString value="[ \r\n\t\S]+"/>
        </extension>
        <code>
          <extension url="http://hl7.org/fhir/StructureDefinition/structuredefinition-json-type">
            <valueString value="string"/>
          </extension>
          <extension url="http://hl7.org/fhir/StructureDefinition/structuredefinition-xml-type">
            <valueString value="xsd:string"/>
          </extension>
          <extension url="http://hl7.org/fhir/StructureDefinition/structuredefinition-rdf-type">
            <valueString value="xsd:string"/>
          </extension>
        </code>
      </type>
      <maxLength value="1048576"/>
      <isModifier value="false"/>
      <isSummary value="false"/>
    </element>
    <element id="Address.city">
      <path value="Address.city"/>
      <short value="Name of city, town etc."/>
      <definition value="The name of the city, town, suburb, village or other community or delivery center."/>
      <alias value="Municpality"/>
      <min value="0"/>
      <max value="1"/>
      <base>
        <path value="Address.city"/>
        <min value="0"/>
        <max value="1"/>
      </base>
      <type>
        <code value="string"/>
      </type>
      <example>
        <label value="General"/>
        <valueString value="Erewhon"/>
      </example>
      <isModifier value="false"/>
      <isSummary value="true"/>
      <mapping>
        <identity value="v2"/>
        <map value="XAD.3"/>
      </mapping>
      <mapping>
        <identity value="rim"/>
        <map value="AD.part[parttype = CTY]"/>
      </mapping>
      <mapping>
        <identity value="vcard"/>
        <map value="locality"/>
      </mapping>
      <mapping>
        <identity value="servd"/>
        <map value="./Jurisdiction"/>
      </mapping>
    </element>
    <element id="Address.district">
      <path value="Address.district"/>
      <short value="District name (aka county)"/>
      <definition value="The name of the administrative area (county)."/>
      <comment value="District is sometimes known as county, but in some regions &#39;county&#39; is used in place of city (municipality), so county name should be conveyed in city instead."/>
      <alias value="County"/>
      <min value="0"/>
      <max value="1"/>
      <base>
        <path value="Address.district"/>
        <min value="0"/>
        <max value="1"/>
      </base>
      <type>
        <code value="string"/>
      </type>
      <example>
        <label value="General"/>
        <valueString value="Madison"/>
      </example>
      <isModifier value="false"/>
      <isSummary value="true"/>
      <mapping>
        <identity value="v2"/>
        <map value="XAD.9"/>
      </mapping>
      <mapping>
        <identity value="rim"/>
        <map value="AD.part[parttype = CNT | CPA]"/>
      </mapping>
    </element>
    <element id="Address.state">
      <path value="Address.state"/>
      <short value="Sub-unit of country (abbreviations ok)"/>
      <definition value="Sub-unit of a country with limited sovereignty in a federally organized country. A code may be used if codes are in common use (e.g. US 2 letter state codes)."/>
      <alias value="Province"/>
      <alias value="Territory"/>
      <min value="0"/>
      <max value="1"/>
      <base>
        <path value="Address.state"/>
        <min value="0"/>
        <max value="1"/>
      </base>
      <type>
        <code value="string"/>
      </type>
      <isModifier value="false"/>
      <isSummary value="true"/>
      <mapping>
        <identity value="v2"/>
        <map value="XAD.4"/>
      </mapping>
      <mapping>
        <identity value="rim"/>
        <map value="AD.part[parttype = STA]"/>
      </mapping>
      <mapping>
        <identity value="vcard"/>
        <map value="region"/>
      </mapping>
      <mapping>
        <identity value="servd"/>
        <map value="./Region"/>
      </mapping>
    </element>
    <element id="Address.postalCode">
      <path value="Address.postalCode"/>
      <short value="Postal code for area"/>
      <definition value="A postal code designating a region defined by the postal service."/>
      <alias value="Zip"/>
      <min value="0"/>
      <max value="1"/>
      <base>
        <path value="Address.postalCode"/>
        <min value="0"/>
        <max value="1"/>
      </base>
      <type>
        <code value="string"/>
      </type>
      <example>
        <label value="General"/>
        <valueString value="9132"/>
      </example>
      <isModifier value="false"/>
      <isSummary value="true"/>
      <mapping>
        <identity value="v2"/>
        <map value="XAD.5"/>
      </mapping>
      <mapping>
        <identity value="rim"/>
        <map value="AD.part[parttype = ZIP]"/>
      </mapping>
      <mapping>
        <identity value="vcard"/>
        <map value="code"/>
      </mapping>
      <mapping>
        <identity value="servd"/>
        <map value="./PostalIdentificationCode"/>
      </mapping>
    </element>
    <element id="Address.country">
      <path value="Address.country"/>
      <short value="Country (e.g. can be ISO 3166 2 or 3 letter code)"/>
      <definition value="Country - a nation as commonly understood or generally accepted.&#xD;&#xA;Concerning the codification of the country, the FHIR specification defines its country field as a string and suggests using a ISO 3166 2 or 3 letter codes.&#xD;&#xA;As that 2-letter format is also the standard in a KMEHR address, it is hence RECOMMENDED to codify the country in the same way as in KMEHR."/>
      <comment value="ISO 3166 3 letter codes can be used in place of a human readable country name."/>
      <min value="0"/>
      <max value="1"/>
      <base>
        <path value="Address.country"/>
        <min value="0"/>
        <max value="1"/>
      </base>
      <type>
        <code value="string"/>
      </type>
      <isModifier value="false"/>
      <isSummary value="true"/>
      <mapping>
        <identity value="v2"/>
        <map value="XAD.6"/>
      </mapping>
      <mapping>
        <identity value="rim"/>
        <map value="AD.part[parttype = CNT]"/>
      </mapping>
      <mapping>
        <identity value="vcard"/>
        <map value="country"/>
      </mapping>
      <mapping>
        <identity value="servd"/>
        <map value="./Country"/>
      </mapping>
    </element>
    <element id="Address.period">
      <path value="Address.period"/>
      <short value="Time period when address was/is in use"/>
      <definition value="Time period when address was/is in use."/>
      <requirements value="Allows addresses to be placed in historical context."/>
      <min value="0"/>
      <max value="1"/>
      <base>
        <path value="Address.period"/>
        <min value="0"/>
        <max value="1"/>
      </base>
      <type>
        <code value="Period"/>
      </type>
      <example>
        <label value="General"/>
        <valuePeriod>
          <start value="2010-03-23T00:00:00+01:00"/>
          <end value="2010-07-01T00:00:00+02:00"/>
        </valuePeriod>
      </example>
      <isModifier value="false"/>
      <isSummary value="true"/>
      <mapping>
        <identity value="v2"/>
        <map value="XAD.12 / XAD.13 + XAD.14"/>
      </mapping>
      <mapping>
        <identity value="rim"/>
        <map value="./usablePeriod[type=&quot;IVL&lt;TS&gt;&quot;]"/>
      </mapping>
      <mapping>
        <identity value="servd"/>
        <map value="./StartDate and ./EndDate"/>
      </mapping>
    </element>
  </snapshot>
  <differential>
    <element id="Address">
      <path value="Address"/>
      <comment value="Note: address is intended to describe postal addresses for administrative purposes, not to describe absolute geographical coordinates.  Postal addresses are often used as proxies for physical locations (also see the [Location](location.html#) resource).&#xD;&#xA;&#xD;&#xA;Special remarks for KMEHR users:&#xD;&#xA;&#xD;&#xA;Note when .use and .type are used they SHALL use the FHIR defined valuesets as per their required binding level in the FHIR specification. In a KMEHR address, the use was defined by CD-ADDRESS but those values can be found in the FHIR valueset.&#xD;&#xA;KMEHR values &#39;careadress&#39;, &#39;other&#39; and &#39;vacation&#39; are not directly present in the FHIR address-use table but can be mapped to the value &#39;temp&#39; in FHIR. In those cases, it is RECOMMENDED to also add a .period.&#xD;&#xA;In KMEHR, an address might be expressed using free text or a totally structured approach where the streetname and housenumber are put in separate fields. FHIR prefers a more pragmatic approach where the &#x2018;text&#x2019; element is used to print on labels. Also, streetname and number are not separate fields as in KMEHR but in a structural approach are given as one or moren &#x2018;line&#x2019; elements. It is however RECOMMENDED to use the Streetname, Housenumber and Postbox extensions to express them seperately.&#xD;&#xA;Note the FHIR address also allows to optionally define whether the address is a physical, postal or &#x2018;both&#x2019; address using the .type field."/>
    </element>
    <element id="Address.extension">
      <path value="Address.extension"/>
      <slicing>
        <discriminator>
          <type value="value"/>
          <path value="url"/>
        </discriminator>
        <rules value="open"/>
      </slicing>
      <definition value="The Human Language of the item. Can be used to express the same address in multiple languages (e.g. in a Brussels setting)"/>
    </element>
    <element id="Address.extension:language">
      <path value="Address.extension"/>
      <sliceName value="language"/>
      <min value="0"/>
      <type>
        <code value="Extension"/>
        <profile value="http://hl7.org/fhir/StructureDefinition/language"/>
      </type>
    </element>
    <element id="Address.line">
      <path value="Address.line"/>
      <definition value="This component contains the house number, apartment number, street name, street direction,  P.O. Box number, delivery hints, and similar address information. It is always RECOMMENDED to give these elements seperately using the defined extensions."/>
    </element>
    <element id="Address.line.extension">
      <path value="Address.line.extension"/>
      <slicing>
        <discriminator>
          <type value="value"/>
          <path value="url"/>
        </discriminator>
        <rules value="open"/>
      </slicing>
      <definition value="RECOMMENDED to use these extensions to define address elements."/>
    </element>
    <element id="Address.line.extension:Streetname">
      <path value="Address.line.extension"/>
      <sliceName value="Streetname"/>
      <type>
        <code value="Extension"/>
        <profile value="http://hl7.org/fhir/StructureDefinition/iso21090-ADXP-streetName"/>
      </type>
    </element>
    <element id="Address.line.extension:Streetname.value[x]">
      <path value="Address.line.extension.value[x]"/>
      <type>
        <code value="string"/>
      </type>
    </element>
    <element id="Address.line.extension:Housenumber">
      <path value="Address.line.extension"/>
      <sliceName value="Housenumber"/>
      <type>
        <code value="Extension"/>
        <profile value="http://hl7.org/fhir/StructureDefinition/iso21090-ADXP-houseNumber"/>
      </type>
    </element>
    <element id="Address.line.extension:Housenumber.value[x]">
      <path value="Address.line.extension.value[x]"/>
      <type>
        <code value="string"/>
      </type>
    </element>
    <element id="Address.line.extension:Postbox">
      <path value="Address.line.extension"/>
      <sliceName value="Postbox"/>
      <type>
        <code value="Extension"/>
        <profile value="http://hl7.org/fhir/StructureDefinition/iso21090-ADXP-postBox"/>
      </type>
    </element>
    <element id="Address.line.extension:Postbox.value[x]">
      <path value="Address.line.extension.value[x]"/>
      <type>
        <code value="string"/>
      </type>
    </element>
    <element id="Address.country">
      <path value="Address.country"/>
      <definition value="Country - a nation as commonly understood or generally accepted.&#xD;&#xA;Concerning the codification of the country, the FHIR specification defines its country field as a string and suggests using a ISO 3166 2 or 3 letter codes.&#xD;&#xA;As that 2-letter format is also the standard in a KMEHR address, it is hence RECOMMENDED to codify the country in the same way as in KMEHR."/>
    </element>
  </differential>
</StructureDefinition>