{
  "package": "hl7.be.core",
  "fhirVersion": "4.0.1",
  "jurisdiction": "001",
  "extensions": [],
  "profiles": {
    "AllergyIntolerance": [
      {
        "url": "https://www.ehealth.fgov.be/standards/fhir/StructureDefinition/be-allergyintolerance",
        "title": "BeAllergyIntolerance"
      }
    ],
    "CarePlan": [
      {
        "url": "https://www.ehealth.fgov.be/standards/fhir/StructureDefinition/be-careplan",
        "title": "BECarePlan"
      }
    ],
    "CareTeam": [
      {
        "url": "https://www.ehealth.fgov.be/standards/fhir/StructureDefinition/be-careteam",
        "title": "BECareTeam"
      }
    ],
    "Communication": [
      {
        "url": "https://www.ehealth.fgov.be/standards/fhir/StructureDefinition/be-communication",
        "title": "BECommunication"
      }
    ],
    "Patient": [
      {
        "url": "https://www.ehealth.fgov.be/standards/fhir/StructureDefinition/be-patient",
        "title": "BePatient"
      }
    ],
    "PractitionerRole": [
      {
        "url": "https://www.ehealth.fgov.be/standards/fhir/StructureDefinition/be-practitionerrole",
        "title": "BePractitionerRole"
      }
    ]
  },
  "usage": {
    "http://hl7.org/fhir/StructureDefinition/elementdefinition-bestpractice": [
      "StructureDefinition.snapshot.element.constraint"
    ],
    "http://hl7.org/fhir/StructureDefinition/elementdefinition-bestpractice-explanation": [
      "StructureDefinition.snapshot.element.constraint"
    ],
    "http://hl7.org/fhir/StructureDefinition/elementdefinition-bindingName": [
      "StructureDefinition.snapshot.element.binding"
    ],
    "http://hl7.org/fhir/StructureDefinition/elementdefinition-isCommonBinding": [
      "StructureDefinition.snapshot.element.binding"
    ],
    "http://hl7.org/fhir/StructureDefinition/elementdefinition-maxValueSet": [
      "StructureDefinition.snapshot.element.binding"
    ],
    "http://hl7.org/fhir/StructureDefinition/elementdefinition-translatable": [
      "StructureDefinition.snapshot.element"
    ],
    "http://hl7.org/fhir/StructureDefinition/language": [
      "Patient.address"
    ],
    "http://hl7.org/fhir/StructureDefinition/patient-birthPlace": [
      "Patient"
    ],
    "http://hl7.org/fhir/StructureDefinition/patient-birthTime": [
      "Patient.birthDate"
    ],
    "http://hl7.org/fhir/StructureDefinition/patient-nationality": [
      "Patient"
    ],
    "http://hl7.org/fhir/StructureDefinition/regex": [
      "StructureDefinition.differential.element.type",
      "StructureDefinition.snapshot.element.type"
    ],
    "http://hl7.org/fhir/StructureDefinition/structuredefinition-fhir-type": [
      "StructureDefinition.snapshot.element.type"
    ],
    "http://hl7.org/fhir/StructureDefinition/structuredefinition-hierarchy": [
      "StructureDefinition.differential.element.type",
      "StructureDefinition.snapshot.element.type"
    ],
    "http://hl7.org/fhir/StructureDefinition/structuredefinition-json-type": [
      "StructureDefinition.differential.element.type.code",
      "StructureDefinition.snapshot.element.type.code"
    ],
    "http://hl7.org/fhir/StructureDefinition/structuredefinition-rdf-type": [
      "StructureDefinition.differential.element.type.code",
      "StructureDefinition.snapshot.element.type.code"
    ],
    "http://hl7.org/fhir/StructureDefinition/structuredefinition-xml-type": [
      "StructureDefinition.differential.element.type.code",
      "StructureDefinition.snapshot.element.type.code"
    ],
    "http://hl7.org/fhir/tools/StructureDefinition/resource-information": [
      "ImplementationGuide.definition.resource"
    ]
  }
}