<?xml version="1.0" encoding="UTF-8"?>

<ValueSet xmlns="http://hl7.org/fhir">
  <id value="be-exposureroute"/>
  <text>
    <status value="generated"/><div xmlns="http://www.w3.org/1999/xhtml"><h2>BeExposureRoute</h2><div><p>Codes to illustrate differentiating types of exposure route. This valueset supports the Belgian federal FHIR profiling effort.</p>
</div><p>This value set includes codes from the following code systems:</p><ul><li>Include these codes as defined in <a href="http://www.snomed.org/"><code>http://snomed.info/sct</code></a><table class="none"><tr><td style="white-space:nowrap"><b>Code</b></td><td><b>Display</b></td></tr><tr><td><a href="http://browser.ihtsdotools.org/?perspective=full&amp;conceptId1=447694001">447694001</a></td><td>Respiratory tract route</td><td/></tr><tr><td><a href="http://browser.ihtsdotools.org/?perspective=full&amp;conceptId1=6064005">6064005</a></td><td>Topical route</td><td/></tr><tr><td><a href="http://browser.ihtsdotools.org/?perspective=full&amp;conceptId1=26643006">26643006</a></td><td>Oral route</td><td/></tr></table></li></ul><p><b>Additional Language Displays</b></p><table class="codes"><tr><td><b>Code</b></td><td><b>English (English, en)</b></td></tr><tr><td>447694001</td><td>Respiratory tract route</td></tr><tr><td>6064005</td><td>Topical route</td></tr><tr><td>26643006</td><td>Oral route</td></tr></table></div>
  </text>
  <url value="https://www.ehealth.fgov.be/standards/fhir/ValueSet/be-exposureroute"/>
  <version value="0.1.0"/>
  <name value="BeExposureRoute"/>
  <status value="draft"/>
  <date value="2019-11-22T16:55:59+01:00"/>
  <publisher value="HL7 Belgium"/>
  <contact>
    <telecom>
      <system value="other"/>
      <value value="http://hl7.org/Special/committees/fiwg"/>
    </telecom>
  </contact>
  <description value="Codes to illustrate differentiating types of exposure route. This valueset supports the Belgian federal FHIR profiling effort."/>
  <jurisdiction>
    <coding>
      <system value="http://unstats.un.org/unsd/methods/m49/m49.htm"/>
      <code value="001"/>
    </coding>
  </jurisdiction>
  <compose>
    <include>
      <system value="http://snomed.info/sct"/>
      <concept>
        <code value="447694001"/>
        <designation>
          <language value="en"/>
          <value value="Respiratory tract route"/>
        </designation>
      </concept>
      <concept>
        <code value="6064005"/>
        <designation>
          <language value="en"/>
          <value value="Topical route"/>
        </designation>
      </concept>
      <concept>
        <code value="26643006"/>
        <designation>
          <language value="en"/>
          <value value="Oral route"/>
        </designation>
      </concept>
    </include>
  </compose>
</ValueSet>