{"resourceType":"CodeSystem","id":"be-contactperson","text":{"status":"generated","div":"<div xmlns=\"http://www.w3.org/1999/xhtml\"><h2>ContactPerson</h2><div><p>Contact person in Belgium.</p>\n</div><p>This code system https://www.ehealth.fgov.be/standards/fhir/CodeSystem/be-contactperson defines the following codes:</p><table class=\"codes\"><tr><td style=\"white-space:nowrap\"><b>Code</b></td><td><b>Definition</b></td></tr><tr><td style=\"white-space:nowrap\">father<a name=\"be-contactperson-father\"> </a></td><td/></tr><tr><td style=\"white-space:nowrap\">mother<a name=\"be-contactperson-mother\"> </a></td><td/></tr><tr><td style=\"white-space:nowrap\">child<a name=\"be-contactperson-child\"> </a></td><td/></tr><tr><td style=\"white-space:nowrap\">spouse<a name=\"be-contactperson-spouse\"> </a></td><td/></tr><tr><td style=\"white-space:nowrap\">husband<a name=\"be-contactperson-husband\"> </a></td><td/></tr><tr><td style=\"white-space:nowrap\">partner<a name=\"be-contactperson-partner\"> </a></td><td/></tr><tr><td style=\"white-space:nowrap\">brother<a name=\"be-contactperson-brother\"> </a></td><td/></tr><tr><td style=\"white-space:nowrap\">sister<a name=\"be-contactperson-sister\"> </a></td><td/></tr><tr><td style=\"white-space:nowrap\">brotherinlaw<a name=\"be-contactperson-brotherinlaw\"> </a></td><td/></tr><tr><td style=\"white-space:nowrap\">tutor<a name=\"be-contactperson-tutor\"> </a></td><td/></tr><tr><td style=\"white-space:nowrap\">notary<a name=\"be-contactperson-notary\"> </a></td><td/></tr><tr><td style=\"white-space:nowrap\">lawyer<a name=\"be-contactperson-lawyer\"> </a></td><td/></tr><tr><td style=\"white-space:nowrap\">employer<a name=\"be-contactperson-employer\"> </a></td><td/></tr><tr><td style=\"white-space:nowrap\">grandparent<a name=\"be-contactperson-grandparent\"> </a></td><td/></tr><tr><td style=\"white-space:nowrap\">son<a name=\"be-contactperson-son\"> </a></td><td/></tr><tr><td style=\"white-space:nowrap\">daughter<a name=\"be-contactperson-daughter\"> </a></td><td/></tr><tr><td style=\"white-space:nowrap\">grandchild<a name=\"be-contactperson-grandchild\"> </a></td><td/></tr><tr><td style=\"white-space:nowrap\">neighbour<a name=\"be-contactperson-neighbour\"> </a></td><td/></tr><tr><td style=\"white-space:nowrap\">stepson<a name=\"be-contactperson-stepson\"> </a></td><td/></tr><tr><td style=\"white-space:nowrap\">stepdaughter<a name=\"be-contactperson-stepdaughter\"> </a></td><td/></tr><tr><td style=\"white-space:nowrap\">stepfather<a name=\"be-contactperson-stepfather\"> </a></td><td/></tr><tr><td style=\"white-space:nowrap\">stepmother<a name=\"be-contactperson-stepmother\"> </a></td><td/></tr><tr><td style=\"white-space:nowrap\">sisterinlaw<a name=\"be-contactperson-sisterinlaw\"> </a></td><td/></tr></table></div>"},"url":"https://www.ehealth.fgov.be/standards/fhir/CodeSystem/be-contactperson","version":"1.2","name":"ContactPerson","title":"ContactPerson","status":"active","experimental":false,"date":"2019-11-16T15:46:41+01:00","publisher":"HL7 Belgium","contact":[{"telecom":[{"system":"other","value":"http://hl7.org/Special/committees/fiwg"}]}],"description":"Contact person in Belgium.","jurisdiction":[{"coding":[{"system":"http://unstats.un.org/unsd/methods/m49/m49.htm","code":"001"}]}],"caseSensitive":false,"content":"complete","concept":[{"code":"father","designation":[{"language":"en","value":"father"}]},{"code":"mother","designation":[{"language":"en","value":"mother"}]},{"code":"child","designation":[{"language":"en","value":"child"}]},{"code":"spouse","designation":[{"language":"en","value":"spouse"}]},{"code":"husband","designation":[{"language":"en","value":"husband"}]},{"code":"partner","designation":[{"language":"en","value":"partner"}]},{"code":"brother","designation":[{"language":"en","value":"brother"}]},{"code":"sister","designation":[{"language":"en","value":"sister"}]},{"code":"brotherinlaw","designation":[{"language":"en","value":"brother-in-law"}]},{"code":"tutor","designation":[{"language":"en","value":"tutor"}]},{"code":"notary","designation":[{"language":"en","value":"notary"}]},{"code":"lawyer","designation":[{"language":"en","value":"lawyer"}]},{"code":"employer","designation":[{"language":"en","value":"employer"}]},{"code":"grandparent","designation":[{"language":"en","value":"grandparent"}]},{"code":"son","designation":[{"language":"en","value":"son"}]},{"code":"daughter","designation":[{"language":"en","value":"daughter"}]},{"code":"grandchild","designation":[{"language":"en","value":"grandchild"}]},{"code":"neighbour","designation":[{"language":"en","value":"neighbour"}]},{"code":"stepson","designation":[{"language":"en","value":"stepson"}]},{"code":"stepdaughter","designation":[{"language":"en","value":"stepdaughter"}]},{"code":"stepfather","designation":[{"language":"en","value":"stepfather"}]},{"code":"stepmother","designation":[{"language":"en","value":"stepmother"}]},{"code":"sisterinlaw","designation":[{"language":"en","value":"sisterinlaw"}]}]}