{"resourceType":"CodeSystem","id":"cd-civilstate","text":{"status":"generated","div":"<div xmlns=\"http://www.w3.org/1999/xhtml\"><h2>CivilState</h2><div><p>Civil state in Belgium.</p>\n</div><p>This code system https://www.ehealth.fgov.be/standards/fhir/CodeSystem/CD-CIVILSTATE defines the following codes:</p><table class=\"codes\"><tr><td style=\"white-space:nowrap\"><b>Code</b></td><td><b>Definition</b></td></tr><tr><td style=\"white-space:nowrap\">10<a name=\"cd-civilstate-10\"> </a></td><td/></tr><tr><td style=\"white-space:nowrap\">20<a name=\"cd-civilstate-20\"> </a></td><td/></tr><tr><td style=\"white-space:nowrap\">25<a name=\"cd-civilstate-25\"> </a></td><td/></tr><tr><td style=\"white-space:nowrap\">26<a name=\"cd-civilstate-26\"> </a></td><td/></tr><tr><td style=\"white-space:nowrap\">30<a name=\"cd-civilstate-30\"> </a></td><td/></tr><tr><td style=\"white-space:nowrap\">40<a name=\"cd-civilstate-40\"> </a></td><td/></tr><tr><td style=\"white-space:nowrap\">41<a name=\"cd-civilstate-41\"> </a></td><td/></tr><tr><td style=\"white-space:nowrap\">50<a name=\"cd-civilstate-50\"> </a></td><td/></tr><tr><td style=\"white-space:nowrap\">51<a name=\"cd-civilstate-51\"> </a></td><td/></tr><tr><td style=\"white-space:nowrap\">60<a name=\"cd-civilstate-60\"> </a></td><td/></tr><tr><td style=\"white-space:nowrap\">80<a name=\"cd-civilstate-80\"> </a></td><td/></tr><tr><td style=\"white-space:nowrap\">81<a name=\"cd-civilstate-81\"> </a></td><td/></tr></table></div>"},"url":"https://www.ehealth.fgov.be/standards/fhir/CodeSystem/CD-CIVILSTATE","version":"1.0","name":"CivilState","title":"CivilState","status":"active","experimental":false,"date":"2019-11-21T11:20:58+01:00","publisher":"HL7 Belgium","contact":[{"telecom":[{"system":"other","value":"http://hl7.org/Special/committees/fiwg"}]}],"description":"Civil state in Belgium.","jurisdiction":[{"coding":[{"system":"http://unstats.un.org/unsd/methods/m49/m49.htm","code":"001"}]}],"caseSensitive":false,"content":"complete","concept":[{"code":"10","designation":[{"language":"en","value":"Unmarried"},{"language":"nl-BE","value":"Ongehuwd"},{"language":"fr-BE","value":"Célibataire"}]},{"code":"20","designation":[{"language":"en","value":"Married"},{"language":"nl-BE","value":"Gehuwd"},{"language":"fr-BE","value":"Marié"}]},{"code":"25","designation":[{"language":"en","value":"Annuled"},{"language":"nl-BE","value":"Nietigverklaring van het huwelijk"},{"language":"fr-BE","value":"Annulation de marriage"}]},{"code":"26","designation":[{"language":"en","value":"Putative marriage"},{"language":"nl-BE","value":"Putatief huwelijk"},{"language":"fr-BE","value":"Mariage putatif"}]},{"code":"30","designation":[{"language":"en","value":"Widowed"},{"language":"nl-BE","value":"Weduwnaar/weduwe"},{"language":"fr-BE","value":"Veuf/veuve"}]},{"code":"40","designation":[{"language":"en","value":"Divorced"},{"language":"nl-BE","value":"Echtgescheiden"},{"language":"fr-BE","value":"Divorced"}]},{"code":"41","designation":[{"language":"en","value":"Divorced since 1/10/1994"},{"language":"nl-BE","value":"Echtgescheiden vanaf 1/10/1994"},{"language":"fr-BE","value":"Divorcé à partir du 1/10/1994"}]},{"code":"50","designation":[{"language":"en","value":"Legal separation"},{"language":"nl-BE","value":"Gescheiden van tafel en bed"},{"language":"fr-BE","value":"Séparé de corps et de biens"}]},{"code":"51","designation":[{"language":"en","value":"Legal separation since 1/10/1994"},{"language":"nl-BE","value":"Gescheiden van tafel en bed sinds 1/10/1994"},{"language":"fr-BE","value":"Séparé de corps et de biens à partir du 1/10/1994"}]},{"code":"60","designation":[{"language":"en","value":"Repudiation"},{"language":"nl-BE","value":"Verstoting"},{"language":"fr-BE","value":"Répudiation"}]},{"code":"80","designation":[{"language":"en","value":"Partnership"},{"language":"nl-BE","value":"Partnerschap"},{"language":"fr-BE","value":"Partenariat"}]},{"code":"81","designation":[{"language":"en","value":"End of partnership"},{"language":"nl-BE","value":"Partnerschap beeindigd"},{"language":"fr-BE","value":"Fin de partenariat"}]}]}