{"resourceType":"ImplementationGuide","id":"hl7.be.core","text":{"status":"generated","div":"<div xmlns=\"http://www.w3.org/1999/xhtml\"><h2>BaseIG</h2><p>The official URL for this implementation guide is: </p><pre>https://www.ehealth.fgov.be/standards/fhir/ImplementationGuide/hl7.be.core</pre><div><p>The Core Belgian Profiles provide the essential and common requirement for FHIR implementations in Belgium</p>\n</div></div>"},"url":"https://www.ehealth.fgov.be/standards/fhir/ImplementationGuide/hl7.be.core","name":"BaseIG","title":"ONLY TESTING PAGE - NO OFFICIAL CONTENT - THANK YOU FOR VISITING!!!!","status":"draft","experimental":false,"date":"2019-11-20T17:22:41+01:00","publisher":"HL7 Belgium","contact":[{"telecom":[{"system":"other","value":"http://hl7.org/Special/committees/fiwg"}]}],"description":"The Core Belgian Profiles provide the essential and common requirement for FHIR implementations in Belgium","jurisdiction":[{"coding":[{"system":"http://unstats.un.org/unsd/methods/m49/m49.htm","code":"001"}]}],"packageId":"hl7.be.core","license":"CC0-1.0","fhirVersion":["4.0.1"],"definition":{"grouping":[{"id":"core","name":"Core Profiles","description":"Core resources to be reused in other resources"},{"id":"condition","name":"Conditions","description":"Resource profiles defined for conditions"},{"id":"terminology","name":"Terminology","description":"Terminology resources - ValueSets and CodeSystems"}],"resource":[{"extension":[{"url":"http://hl7.org/fhir/StructureDefinition/implementationguide-page","valueUri":"be-allergyintolerance.html"}],"reference":{"reference":"StructureDefinition/be-allergyintolerance"},"fhirVersion":["4.0.1"],"name":"Allergy Intolerance core BE profile","description":"The Core BE profile for Allergy Intolerance","groupingId":"condition"},{"extension":[{"url":"http://hl7.org/fhir/StructureDefinition/implementationguide-page","valueUri":"be-patient.html"}],"reference":{"reference":"StructureDefinition/be-patient"},"fhirVersion":["4.0.1"],"name":"Patient core BE profile","description":"The Core BE profile for Patient","groupingId":"core"},{"extension":[{"url":"http://hl7.org/fhir/StructureDefinition/implementationguide-page","valueUri":"be-practitioner.html"}],"reference":{"reference":"StructureDefinition/be-practitioner"},"fhirVersion":["4.0.1"],"name":"Practitioner core BE profile","description":"The Core BE profile for Practitioner","groupingId":"core"},{"extension":[{"url":"http://hl7.org/fhir/StructureDefinition/implementationguide-page","valueUri":"be-observation.html"}],"reference":{"reference":"StructureDefinition/be-observation"},"fhirVersion":["4.0.1"],"name":"Observation core BE profile","description":"The Core BE profile for Observation","groupingId":"conditions"},{"extension":[{"url":"http://hl7.org/fhir/StructureDefinition/implementationguide-page","valueUri":"be-provenance.html"}],"reference":{"reference":"StructureDefinition/be-provenance"},"fhirVersion":["4.0.1"],"name":"Patient core BE provenance","description":"The Core BE profile for Provenance","groupingId":"core"},{"extension":[{"url":"http://hl7.org/fhir/StructureDefinition/implementationguide-page","valueUri":"be-organization.html"}],"reference":{"reference":"StructureDefinition/be-organization"},"fhirVersion":["4.0.1"],"name":"Patient core BE organization","description":"The Core BE profile for Organization","groupingId":"core"},{"extension":[{"url":"http://hl7.org/fhir/StructureDefinition/implementationguide-page","valueUri":"be-practitionerrole.html"}],"reference":{"reference":"StructureDefinition/be-practitionerrole"},"fhirVersion":["4.0.1"],"name":"Practitioner Role core BE profile","description":"The Core BE profile for Practitioner Role","groupingId":"core"},{"extension":[{"url":"http://hl7.org/fhir/StructureDefinition/implementationguide-page","valueUri":"valueset-be-exposureroute.html"}],"reference":{"reference":"ValueSet/be-exposureroute"},"fhirVersion":["4.0.1"],"name":"Valueset exposureroute","description":"The valueset for exposureroute","groupingId":"terminology"},{"extension":[{"url":"http://hl7.org/fhir/StructureDefinition/implementationguide-page","valueUri":"valueset-be-causativeagent.html"}],"reference":{"reference":"ValueSet/be-causativeagent"},"fhirVersion":["4.0.1"],"name":"Valueset causative agent","description":"The valueset for causative agent","groupingId":"terminology"},{"extension":[{"url":"http://hl7.org/fhir/StructureDefinition/implementationguide-page","valueUri":"valueset-be-civilstate.html"}],"reference":{"reference":"ValueSet/be-civilstate"},"fhirVersion":["4.0.1"],"name":"Valueset civil state","description":"The valueset for civil state","groupingId":"terminology"},{"extension":[{"url":"http://hl7.org/fhir/StructureDefinition/implementationguide-page","valueUri":"valueset-be-contactperson.html"}],"reference":{"reference":"ValueSet/be-contactperson"},"fhirVersion":["4.0.1"],"name":"Valueset contact person","description":"The valueset for contact person","groupingId":"terminology"},{"extension":[{"url":"http://hl7.org/fhir/StructureDefinition/implementationguide-page","valueUri":"valueset-be-riskmanifestation.html"}],"reference":{"reference":"ValueSet/be-riskmanifestation"},"fhirVersion":["4.0.1"],"name":"Valueset risk manifestation","description":"The valueset for risk manifestation","groupingId":"terminology"},{"extension":[{"url":"http://hl7.org/fhir/StructureDefinition/implementationguide-page","valueUri":"cd-hcparty.html"}],"reference":{"reference":"CodeSystem/cd-hcparty"},"fhirVersion":["4.0.1"],"name":"Codesystem CD-HCPARTY","description":"The CD-HCPARTY codesystem","groupingId":"terminology"},{"extension":[{"url":"http://hl7.org/fhir/StructureDefinition/implementationguide-page","valueUri":"cd-civilstate.html"}],"reference":{"reference":"CodeSystem/cd-civilstate"},"fhirVersion":["4.0.1"],"name":"Codesystem CD-CIVILSTATE","description":"The CD-CIVILSTATE codesystem","groupingId":"terminology"},{"extension":[{"url":"http://hl7.org/fhir/StructureDefinition/implementationguide-page","valueUri":"cd-contactperson.html"}],"reference":{"reference":"CodeSystem/cd-contactperson"},"fhirVersion":["4.0.1"],"name":"Codesystem CD-CONTACT-PERSON","description":"The CD-CONTACT-PERSON codesystem","groupingId":"terminology"},{"extension":[{"url":"http://hl7.org/fhir/StructureDefinition/implementationguide-page","valueUri":"cd-fedcountry.html"}],"reference":{"reference":"CodeSystem/cd-fedcountry"},"fhirVersion":["4.0.1"],"name":"Codesystem CD-FED-COUNTRY","description":"The CD-FED-COUNTRY codesystem","groupingId":"terminology"}],"page":{"nameUrl":"toc.html","title":"Table of Contents","generation":"html","page":[{"nameUrl":"index.html","title":"BE Core Home Page","generation":"html"},{"nameUrl":"conventions.html","title":"Conventions","generation":"markdown"},{"nameUrl":"functional-overview.html","title":"Functional Description","generation":"markdown"},{"nameUrl":"logical-models.html","title":"Logical Data Models","generation":"markdown"},{"nameUrl":"artifacts.html","title":"Artifacts","generation":"html","page":[{"nameUrl":"be-patient.html","title":"Patient core BE profile","generation":"generated"},{"nameUrl":"be-practitioner.html","title":"Practitioner core BE profile","generation":"generated"},{"nameUrl":"be-provenance.html","title":"Patient core BE provenance","generation":"generated"},{"nameUrl":"be-organization.html","title":"Patient core BE organization","generation":"generated"},{"nameUrl":"be-practitionerrole.html","title":"Practitioner Role core BE profile","generation":"generated"},{"nameUrl":"be-allergyintolerance.html","title":"Allergy Intolerance core BE profile","generation":"generated"},{"nameUrl":"valueset-be-exposureroute.html","title":"Valueset exposureroute","generation":"generated"},{"nameUrl":"valueset-be-causativeagent.html","title":"Valueset causative agent","generation":"generated"},{"nameUrl":"valueset-be-civilstate.html","title":"Valueset civil state","generation":"generated"},{"nameUrl":"valueset-be-contactperson.html","title":"Valueset contact person","generation":"generated"},{"nameUrl":"valueset-be-riskmanifestation.html","title":"Valueset risk manifestation","generation":"generated"},{"nameUrl":"cd-hcparty.html","title":"Codesystem CD-HCPARTY","generation":"generated"},{"nameUrl":"cd-civilstate.html","title":"Codesystem CD-CIVILSTATE","generation":"generated"},{"nameUrl":"cd-contactperson.html","title":"Codesystem CD-CONTACT-PERSON","generation":"generated"},{"nameUrl":"cd-fedcountry.html","title":"Codesystem CD-FED-COUNTRY","generation":"generated"}]},{"nameUrl":"example-resources.html","title":"Example Resources","generation":"markdown"},{"nameUrl":"example-scenarios.html","title":"Example Scenarios","generation":"markdown"},{"nameUrl":"downloads.html","title":"Useful Downloads","generation":"html"},{"nameUrl":"changes.html","title":"IG Change History","generation":"html"}]},"parameter":[{"code":"path-resource","value":"input/capabilities"},{"code":"path-resource","value":"input/examples"},{"code":"path-resource","value":"input/extensions"},{"code":"path-resource","value":"input/models"},{"code":"path-resource","value":"input/operations"},{"code":"path-resource","value":"input/profiles"},{"code":"path-resource","value":"input/resources"},{"code":"path-resource","value":"input/vocabulary"},{"code":"path-pages","value":"input/pagecontent"},{"code":"path-pages","value":"input/images"},{"code":"path-qa","value":"temp/qa"},{"code":"path-temp","value":"temp/pages"},{"code":"path-output","value":"output"},{"code":"path-tx-cache","value":"input-cache/txcache"},{"code":"path-suppressed-warnings","value":"input/ignoreWarnings.txt"},{"code":"template-html","value":"template-page.html"},{"code":"template-md","value":"template-page-md.html"},{"code":"apply-contact","value":"true"},{"code":"apply-context","value":"true"},{"code":"apply-copyright","value":"true"},{"code":"apply-jurisdiction","value":"true"},{"code":"apply-license","value":"true"},{"code":"apply-publisher","value":"true"},{"code":"apply-version","value":"true"}]}}