{"resourceType":"StructureDefinition","id":"string320","text":{"status":"generated","div":"<div xmlns=\"http://www.w3.org/1999/xhtml\"><table border=\"0\" cellpadding=\"0\" cellspacing=\"0\" style=\"border: 0px #F0F0F0 solid; font-size: 11px; font-family: verdana; vertical-align: top;\"><tr style=\"border: 1px #F0F0F0 solid; font-size: 11px; font-family: verdana; vertical-align: top;\"><th style=\"vertical-align: top; text-align : left; background-color: white; border: 0px #F0F0F0 solid; padding:0px 4px 0px 4px\" class=\"hierarchy\"><a href=\"http://hl7.org/fhir/R4/formats.html#table\" title=\"The logical name of the element\">Name</a></th><th style=\"vertical-align: top; text-align : left; background-color: white; border: 0px #F0F0F0 solid; padding:0px 4px 0px 4px\" class=\"hierarchy\"><a href=\"http://hl7.org/fhir/R4/formats.html#table\" title=\"Information about the use of the element\">Flags</a></th><th style=\"vertical-align: top; text-align : left; background-color: white; border: 0px #F0F0F0 solid; padding:0px 4px 0px 4px\" class=\"hierarchy\"><a href=\"http://hl7.org/fhir/R4/formats.html#table\" title=\"Minimum and Maximum # of times the the element can appear in the instance\">Card.</a></th><th style=\"width: 100px\" class=\"hierarchy\"><a href=\"http://hl7.org/fhir/R4/formats.html#table\" title=\"Reference to the type of the element\">Type</a></th><th style=\"vertical-align: top; text-align : left; background-color: white; border: 0px #F0F0F0 solid; padding:0px 4px 0px 4px\" class=\"hierarchy\"><a href=\"http://hl7.org/fhir/R4/formats.html#table\" title=\"Additional information about the element\">Description &amp; Constraints</a><span style=\"float: right\"><a href=\"http://hl7.org/fhir/R4/formats.html#table\" title=\"Legend for this format\"><img src=\"http://hl7.org/fhir/R4/help16.png\" alt=\"doco\" style=\"background-color: inherit\"/></a></span></th></tr><tr style=\"border: 0px #F0F0F0 solid; padding:0px; vertical-align: top; background-color: white;\"><td style=\"vertical-align: top; text-align : left; background-color: white; border: 0px #F0F0F0 solid; padding:0px 4px 0px 4px; white-space: nowrap; background-image: url(tbl_bck1.png)\" class=\"hierarchy\"><img src=\"tbl_spacer.png\" alt=\".\" style=\"background-color: inherit\" class=\"hierarchy\"/><img src=\"icon_element.gif\" alt=\".\" style=\"background-color: white; background-color: inherit\" title=\"Element\" class=\"hierarchy\"/> <a href=\"{{[id]}}-definitions.html#string320\" title=\"A string limited to 320 characters\">string320</a><a name=\"string320\"> </a></td><td style=\"vertical-align: top; text-align : left; background-color: white; border: 0px #F0F0F0 solid; padding:0px 4px 0px 4px\" class=\"hierarchy\"/><td style=\"vertical-align: top; text-align : left; background-color: white; border: 0px #F0F0F0 solid; padding:0px 4px 0px 4px\" class=\"hierarchy\">0..*</td><td style=\"vertical-align: top; text-align : left; background-color: white; border: 0px #F0F0F0 solid; padding:0px 4px 0px 4px\" class=\"hierarchy\"/><td style=\"vertical-align: top; text-align : left; background-color: white; border: 0px #F0F0F0 solid; padding:0px 4px 0px 4px\" class=\"hierarchy\">String 320 characters<br/></td></tr>\r\n<tr style=\"border: 0px #F0F0F0 solid; padding:0px; vertical-align: top; background-color: #F7F7F7;\"><td style=\"vertical-align: top; text-align : left; background-color: #F7F7F7; border: 0px #F0F0F0 solid; padding:0px 4px 0px 4px; white-space: nowrap; background-image: url(tbl_bck00.png)\" class=\"hierarchy\"><img src=\"tbl_spacer.png\" alt=\".\" style=\"background-color: inherit\" class=\"hierarchy\"/><img src=\"tbl_vjoin_end.png\" alt=\".\" style=\"background-color: inherit\" class=\"hierarchy\"/><img src=\"icon_primitive.png\" alt=\".\" style=\"background-color: #F7F7F7; background-color: inherit\" title=\"Primitive Data Type\" class=\"hierarchy\"/> <a href=\"{{[id]}}-definitions.html#string320.value\" title=\"Primitive value for string320\">value</a><a name=\"string320.value\"> </a></td><td style=\"vertical-align: top; text-align : left; background-color: #F7F7F7; border: 0px #F0F0F0 solid; padding:0px 4px 0px 4px\" class=\"hierarchy\"/><td style=\"vertical-align: top; text-align : left; background-color: #F7F7F7; border: 0px #F0F0F0 solid; padding:0px 4px 0px 4px\" class=\"hierarchy\">0..1</td><td style=\"vertical-align: top; text-align : left; background-color: #F7F7F7; border: 0px #F0F0F0 solid; padding:0px 4px 0px 4px\" class=\"hierarchy\"><a href=\"http://hl7.org/fhir/R4/datatypes.html#string\">string</a></td><td style=\"vertical-align: top; text-align : left; background-color: #F7F7F7; border: 0px #F0F0F0 solid; padding:0px 4px 0px 4px\" class=\"hierarchy\">Primitive value for string320<br/><span style=\"font-weight:bold\">Max Length: </span><span style=\"color: darkgreen\">320</span></td></tr>\r\n<tr><td colspan=\"5\" class=\"hierarchy\"><br/><a href=\"http://hl7.org/fhir/R4/formats.html#table\" title=\"Legend for this format\"><img src=\"http://hl7.org/fhir/R4/help16.png\" alt=\"doco\" style=\"background-color: inherit\"/> Documentation for this format</a></td></tr></table></div>"},"url":"https://www.ehealth.fgov.be/standards/fhir/StructureDefinition/string320","version":"4.0.1","name":"String320","status":"active","date":"2019-10-21T22:31:33+02:00","publisher":"HL7 Belgium","contact":[{"telecom":[{"system":"other","value":"http://hl7.org/Special/committees/fiwg"}]}],"description":"String with up to 320 characters","jurisdiction":[{"coding":[{"system":"http://unstats.un.org/unsd/methods/m49/m49.htm","code":"001"}]}],"fhirVersion":"4.0.1","kind":"primitive-type","abstract":false,"type":"string320","baseDefinition":"http://hl7.org/fhir/StructureDefinition/string","derivation":"constraint","snapshot":{"element":[{"id":"string320","path":"string320","short":"Primitive Type string320","definition":"A string that may contain Github Flavored Markdown syntax for optional processing by a        mark down presentation engine","comment":"Systems are not required to have markdown support, so the text should be readable without        markdown processing. The markdown syntax is GFM - see https://github.github.com/gfm/","min":0,"max":"*","base":{"path":"string320","min":0,"max":"*"},"constraint":[{"key":"ele-1","severity":"error","human":"All FHIR elements must have a @value or children","expression":"hasValue() or (children().count() > id.count())","xpath":"@value|f:*|h:div","source":"Element"}],"isModifier":false,"isSummary":false},{"id":"string320.id","path":"string320.id","representation":["xmlAttr"],"short":"xml:id (or equivalent in JSON)","definition":"unique id for the element within a resource (for internal references)","min":0,"max":"1","base":{"path":"Element.id","min":0,"max":"1"},"type":[{"code":"string"}],"isModifier":false,"isSummary":false},{"id":"string320.extension","path":"string320.extension","short":"Additional content defined by implementations","definition":"May be used to represent additional information that is not part of the basic definition        of the resource. To make the use of extensions safe and manageable, there is a strict        set of governance  applied to the definition and use of extensions. Though any implementer        can define an extension, there is a set of requirements that SHALL be met as part of the        definition of the extension.","comment":"There can be no stigma associated with the use of extensions by any application, project,        or standard - regardless of the institution or jurisdiction that uses or defines the extensions.         The use of extensions is what allows the FHIR specification to retain a core level of        simplicity for everyone.","alias":["extensions","user content"],"min":0,"max":"*","base":{"path":"Element.extension","min":0,"max":"*"},"type":[{"code":"Extension"}],"isModifier":false,"isSummary":false},{"id":"string320.value","path":"string320.value","representation":["xmlAttr"],"short":"Primitive value for string320","definition":"Primitive value for string320","min":0,"max":"1","base":{"path":"string.value","min":0,"max":"1"},"type":[{"extension":[{"url":"http://hl7.org/fhir/StructureDefinition/regex","valueString":"[ \\r\\n\\t\\S]+"}],"_code":{"extension":[{"url":"http://hl7.org/fhir/StructureDefinition/structuredefinition-json-type","valueString":"string"},{"url":"http://hl7.org/fhir/StructureDefinition/structuredefinition-xml-type","valueString":"xsd:string"},{"url":"http://hl7.org/fhir/StructureDefinition/structuredefinition-rdf-type","valueString":"xsd:string"}]}}],"maxLength":320,"isModifier":false,"isSummary":false}]},"differential":{"element":[{"id":"string320","path":"string320","short":"String 320 characters","definition":"A string limited to 320 characters","min":0,"max":"*"},{"id":"string320.value","path":"string320.value","representation":["xmlAttr"],"short":"Primitive value for string320","definition":"Primitive value for string320","min":0,"max":"1","type":[{"extension":[{"url":"http://hl7.org/fhir/StructureDefinition/regex","valueString":"[ \\r\\n\\t\\S]+"}],"_code":{"extension":[{"url":"http://hl7.org/fhir/StructureDefinition/structuredefinition-json-type","valueString":"string"},{"url":"http://hl7.org/fhir/StructureDefinition/structuredefinition-xml-type","valueString":"xsd:string"},{"url":"http://hl7.org/fhir/StructureDefinition/structuredefinition-rdf-type","valueString":"xsd:string"}]}}],"maxLength":320}]}}