{"resourceType":"ValueSet","id":"be-riskmanifestation","text":{"status":"generated","div":"<div xmlns=\"http://www.w3.org/1999/xhtml\"><h2>BeRiskManifestation</h2><div><p>Codes as communicated by NIHDI differentiating types of risk manifestation. This valueset supports the Belgian federal FHIR profiling effort.</p>\n</div><p>This value set includes codes from the following code systems:</p><ul><li>Include these codes as defined in <a href=\"http://www.snomed.org/\"><code>http://snomed.info/sct</code></a><table class=\"none\"><tr><td style=\"white-space:nowrap\"><b>Code</b></td><td><b>Display</b></td></tr><tr><td><a href=\"http://browser.ihtsdotools.org/?perspective=full&amp;conceptId1=39579001\">39579001</a></td><td>anafylaxie</td><td/></tr><tr><td><a href=\"http://browser.ihtsdotools.org/?perspective=full&amp;conceptId1=41291007\">41291007</a></td><td>angio-oedeem</td><td/></tr><tr><td><a href=\"http://browser.ihtsdotools.org/?perspective=full&amp;conceptId1=195967001\">195967001</a></td><td>astma</td><td/></tr><tr><td><a href=\"http://browser.ihtsdotools.org/?perspective=full&amp;conceptId1=24079001\">24079001</a></td><td>Atopische dermatitis</td><td/></tr><tr><td><a href=\"http://browser.ihtsdotools.org/?perspective=full&amp;conceptId1=4386001\">4386001</a></td><td>Bronchospasme</td><td/></tr><tr><td><a href=\"http://browser.ihtsdotools.org/?perspective=full&amp;conceptId1=271759003\">271759003</a></td><td>XX</td><td/></tr><tr><td><a href=\"http://browser.ihtsdotools.org/?perspective=full&amp;conceptId1=698247007\">698247007</a></td><td>Hartritmestoornis</td><td/></tr><tr><td><a href=\"http://browser.ihtsdotools.org/?perspective=full&amp;conceptId1=410430005\">410430005</a></td><td>Cardiorespiratoire stilstand</td><td/></tr><tr><td><a href=\"http://browser.ihtsdotools.org/?perspective=full&amp;conceptId1=9826008\">9826008</a></td><td>conjonctivitis</td><td/></tr><tr><td><a href=\"http://browser.ihtsdotools.org/?perspective=full&amp;conceptId1=49727002\">49727002</a></td><td>hoest</td><td/></tr><tr><td><a href=\"http://browser.ihtsdotools.org/?perspective=full&amp;conceptId1=62315008\">62315008</a></td><td>diarree</td><td/></tr><tr><td><a href=\"http://browser.ihtsdotools.org/?perspective=full&amp;conceptId1=702809001\">702809001</a></td><td>Drug eruption met eosinofilie \nen systemische symptomen</td><td/></tr><tr><td><a href=\"http://browser.ihtsdotools.org/?perspective=full&amp;conceptId1=162290004\">162290004</a></td><td>droge ogen</td><td/></tr><tr><td><a href=\"http://browser.ihtsdotools.org/?perspective=full&amp;conceptId1=267036007\">267036007</a></td><td>kortademigheid</td><td/></tr><tr><td><a href=\"http://browser.ihtsdotools.org/?perspective=full&amp;conceptId1=43116000\">43116000</a></td><td>Eczeem</td><td/></tr><tr><td><a href=\"http://browser.ihtsdotools.org/?perspective=full&amp;conceptId1=418363000\">418363000</a></td><td>jeuk</td><td/></tr><tr><td><a href=\"http://browser.ihtsdotools.org/?perspective=full&amp;conceptId1=422587007\">422587007</a></td><td>Misselijkheid</td><td/></tr><tr><td><a href=\"http://browser.ihtsdotools.org/?perspective=full&amp;conceptId1=359610006\">359610006</a></td><td>Oogbeschadigingen en/of hyperemia</td><td/></tr><tr><td><a href=\"http://browser.ihtsdotools.org/?perspective=full&amp;conceptId1=51599000\">51599000</a></td><td>Oedeem van het strottenhoofd</td><td/></tr><tr><td><a href=\"http://browser.ihtsdotools.org/?perspective=full&amp;conceptId1=271757001\">271757001</a></td><td>Papulaire uitbarsting</td><td/></tr><tr><td><a href=\"http://browser.ihtsdotools.org/?perspective=full&amp;conceptId1=70076002\">70076002</a></td><td>Rinitis</td><td/></tr><tr><td><a href=\"http://browser.ihtsdotools.org/?perspective=full&amp;conceptId1=91175000\">91175000</a></td><td>Epileptische aanval</td><td/></tr><tr><td><a href=\"http://browser.ihtsdotools.org/?perspective=full&amp;conceptId1=76067001\">76067001</a></td><td>Niezen</td><td/></tr><tr><td><a href=\"http://browser.ihtsdotools.org/?perspective=full&amp;conceptId1=73442001\">73442001</a></td><td>Stevens-Johnson syndroom</td><td/></tr><tr><td><a href=\"http://browser.ihtsdotools.org/?perspective=full&amp;conceptId1=23924001\">23924001</a></td><td>beklemmende borst</td><td/></tr><tr><td><a href=\"http://browser.ihtsdotools.org/?perspective=full&amp;conceptId1=126485001\">126485001</a></td><td>netelroos</td><td/></tr><tr><td><a href=\"http://browser.ihtsdotools.org/?perspective=full&amp;conceptId1=31996006\">31996006</a></td><td>Vasculitis</td><td/></tr><tr><td><a href=\"http://browser.ihtsdotools.org/?perspective=full&amp;conceptId1=1985008\">1985008</a></td><td>braken</td><td/></tr><tr><td><a href=\"http://browser.ihtsdotools.org/?perspective=full&amp;conceptId1=247472004\">247472004</a></td><td>Huiduitslag</td><td/></tr></table></li><li>Include these codes as defined in <a href=\"http://hl7.org/fhir/R4/v3/NullFlavor/cs.html\"><code>http://terminology.hl7.org/CodeSystem/v3-NullFlavor</code></a><table class=\"none\"><tr><td style=\"white-space:nowrap\"><b>Code</b></td><td><b>Display</b></td></tr><tr><td><a href=\"http://hl7.org/fhir/R4/v3/NullFlavor/cs.html#v3-NullFlavor-OTH\">OTH</a></td><td>other</td><td>Description:The actual value is not a member of the set of permitted data values in the constrained value domain of a variable. (e.g., concept not provided by required code system).<br/>\n                        \n                           Usage Notes: This flavor and its specializations are most commonly used with the CD datatype and its flavors.  However, it may apply to *any* datatype where the constraints of the type are tighter than can be conveyed.  For example, a PQ that is for a true measured amount whose units are not supported in UCUM, a need to convey a REAL when the type has been constrained to INT, etc.<br/>\n                        With coded datatypes, this null flavor may only be used if the vocabulary binding has a coding strength of CNE.  By definition, all local codes and original text are part of the value set if the coding strength is CWE.</td></tr></table></li></ul><p><b>Additional Language Displays</b></p><table class=\"codes\"><tr><td><b>Code</b></td><td><b>English (English, en)</b></td><td><b>French (Belgium) (fr)</b></td><td><b>Nederlands (België) (Dutch (Belgium), nl)</b></td></tr><tr><td>39579001</td><td>Anaphylaxis</td><td>Anaphylaxie</td><td>anafylaxie</td></tr><tr><td>41291007</td><td>Angio-oedema</td><td>Angio-œdème</td><td>angio-oedeem</td></tr><tr><td>195967001</td><td>Asthma</td><td>Asthme</td><td>astma</td></tr><tr><td>24079001</td><td>Atopic dermatitis</td><td>Dermatite atopique</td><td>Atopische dermatitis</td></tr><tr><td>4386001</td><td>Bronchospasm</td><td>Bronchospasme</td><td>Bronchospasme</td></tr><tr><td>271759003</td><td>Bullous eruption</td><td>Eruption bulleuse</td><td>XX</td></tr><tr><td>698247007</td><td>Cardiac arrhythmia</td><td>Arythmie cardique</td><td>Hartritmestoornis</td></tr><tr><td>410430005</td><td>Cardiorespiratory arrest</td><td>Arrêt cardiorespiratoire</td><td>Cardiorespiratoire stilstand</td></tr><tr><td>9826008</td><td>Conjunctivitis</td><td>Conjonctivite</td><td>conjonctivitis</td></tr><tr><td>49727002</td><td>Cough</td><td>Toux</td><td>hoest</td></tr><tr><td>62315008</td><td>Diarrhoea</td><td>Diarrhée</td><td>diarree</td></tr><tr><td>702809001</td><td>Drug reaction with eosinophilia and systemic symptoms</td><td>Syndrome d'hypersensibilité médicamenteuse</td><td>Drug eruption met eosinofilie \nen systemische symptomen</td></tr><tr><td>162290004</td><td>Dry eyes</td><td>Sécheresse oculaire</td><td>droge ogen</td></tr><tr><td>267036007</td><td>Dyspnea</td><td>Dyspnée</td><td>kortademigheid</td></tr><tr><td>43116000</td><td>Eczema</td><td>Eczéma</td><td>Eczeem</td></tr><tr><td>418363000</td><td>Itching of skin</td><td>Prurit</td><td>jeuk</td></tr><tr><td>422587007</td><td>Nausea</td><td>Nausée</td><td>Misselijkheid</td></tr><tr><td>359610006</td><td>Ocular hyperaemia</td><td>Hyperémie oculaire</td><td>Oogbeschadigingen en/of hyperemia</td></tr><tr><td>51599000</td><td>Oedema of larynx</td><td>Œdème laryngé</td><td>Oedeem van het strottenhoofd</td></tr><tr><td>271757001</td><td>Papular eruption</td><td>Eruption papulaire</td><td>Papulaire uitbarsting</td></tr><tr><td>70076002</td><td>Rhinitis</td><td>Rhinite</td><td>Rinitis</td></tr><tr><td>91175000</td><td>Seizure</td><td>Crise épileptique</td><td>Epileptische aanval</td></tr><tr><td>76067001</td><td>Sneezing</td><td>Eternuement</td><td>Niezen</td></tr><tr><td>73442001</td><td>Stevens-Johnson syndrome</td><td>Syndrome de Stevens-Johnson</td><td>Stevens-Johnson syndroom</td></tr><tr><td>23924001</td><td>Tight chest</td><td>Oppression thoracique</td><td>beklemmende borst</td></tr><tr><td>126485001</td><td>Urticaria</td><td>Urticaire</td><td>netelroos</td></tr><tr><td>31996006</td><td>Vasculitis</td><td>Vascularite</td><td>Vasculitis</td></tr><tr><td>1985008</td><td>Vomitus</td><td>Vomi</td><td>braken</td></tr><tr><td>247472004</td><td>Weal</td><td>Éruption cutanée</td><td>Huiduitslag</td></tr><tr><td>OTH</td><td>Other</td><td>Autre</td><td>Andere</td></tr></table></div>"},"url":"https://www.ehealth.fgov.be/standards/fhir/ValueSet/be-riskmanifestation","version":"0.1.0","name":"BeRiskManifestation","status":"draft","date":"2019-11-25T11:45:14+01:00","publisher":"HL7 Belgium","contact":[{"telecom":[{"system":"other","value":"http://hl7.org/Special/committees/fiwg"}]}],"description":"Codes as communicated by NIHDI differentiating types of risk manifestation. This valueset supports the Belgian federal FHIR profiling effort.","jurisdiction":[{"coding":[{"system":"http://unstats.un.org/unsd/methods/m49/m49.htm","code":"001"}]}],"compose":{"include":[{"system":"http://snomed.info/sct","concept":[{"code":"39579001","designation":[{"language":"en","value":"Anaphylaxis"},{"language":"fr-BE","value":"Anaphylaxie"},{"language":"nl-BE","value":"anafylaxie"}]},{"code":"41291007","designation":[{"language":"en","value":"Angio-oedema"},{"language":"fr-BE","value":"Angio-œdème"},{"language":"nl-BE","value":"angio-oedeem"}]},{"code":"195967001","designation":[{"language":"en","value":"Asthma"},{"language":"fr-BE","value":"Asthme"},{"language":"nl-BE","value":"astma"}]},{"code":"24079001","designation":[{"language":"en","value":"Atopic dermatitis"},{"language":"fr-BE","value":"Dermatite atopique"},{"language":"nl-BE","value":"Atopische dermatitis"}]},{"code":"4386001","designation":[{"language":"en","value":"Bronchospasm"},{"language":"fr-BE","value":"Bronchospasme"},{"language":"nl-BE","value":"Bronchospasme"}]},{"code":"271759003","designation":[{"language":"en","value":"Bullous eruption"},{"language":"fr-BE","value":"Eruption bulleuse"},{"language":"nl-BE","value":"XX"}]},{"code":"698247007","designation":[{"language":"en","value":"Cardiac arrhythmia"},{"language":"fr-BE","value":"Arythmie cardique"},{"language":"nl-BE","value":"Hartritmestoornis"}]},{"code":"410430005","designation":[{"language":"en","value":"Cardiorespiratory arrest"},{"language":"fr-BE","value":"Arrêt cardiorespiratoire"},{"language":"nl-BE","value":"Cardiorespiratoire stilstand"}]},{"code":"9826008","designation":[{"language":"en","value":"Conjunctivitis"},{"language":"fr-BE","value":"Conjonctivite"},{"language":"nl-BE","value":"conjonctivitis"}]},{"code":"49727002","designation":[{"language":"en","value":"Cough"},{"language":"fr-BE","value":"Toux"},{"language":"nl-BE","value":"hoest"}]},{"code":"62315008","designation":[{"language":"en","value":"Diarrhoea"},{"language":"fr-BE","value":"Diarrhée"},{"language":"nl-BE","value":"diarree"}]},{"code":"702809001","designation":[{"language":"en","value":"Drug reaction with eosinophilia and systemic symptoms"},{"language":"fr-BE","value":"Syndrome d'hypersensibilité médicamenteuse"},{"language":"nl-BE","value":"Drug eruption met eosinofilie \nen systemische symptomen"}]},{"code":"162290004","designation":[{"language":"en","value":"Dry eyes"},{"language":"fr-BE","value":"Sécheresse oculaire"},{"language":"nl-BE","value":"droge ogen"}]},{"code":"267036007","designation":[{"language":"en","value":"Dyspnea"},{"language":"fr-BE","value":"Dyspnée"},{"language":"nl-BE","value":"kortademigheid"}]},{"code":"43116000","designation":[{"language":"en","value":"Eczema"},{"language":"fr-BE","value":"Eczéma"},{"language":"nl-BE","value":"Eczeem"}]},{"code":"418363000","designation":[{"language":"en","value":"Itching of skin"},{"language":"fr-BE","value":"Prurit"},{"language":"nl-BE","value":"jeuk"}]},{"code":"422587007","designation":[{"language":"en","value":"Nausea"},{"language":"fr-BE","value":"Nausée"},{"language":"nl-BE","value":"Misselijkheid"}]},{"code":"359610006","designation":[{"language":"en","value":"Ocular hyperaemia"},{"language":"fr-BE","value":"Hyperémie oculaire"},{"language":"nl-BE","value":"Oogbeschadigingen en/of hyperemia"}]},{"code":"51599000","designation":[{"language":"en","value":"Oedema of larynx"},{"language":"fr-BE","value":"Œdème laryngé"},{"language":"nl-BE","value":"Oedeem van het strottenhoofd"}]},{"code":"271757001","designation":[{"language":"en","value":"Papular eruption"},{"language":"fr-BE","value":"Eruption papulaire"},{"language":"nl-BE","value":"Papulaire uitbarsting"}]},{"code":"70076002","designation":[{"language":"en","value":"Rhinitis"},{"language":"fr-BE","value":"Rhinite"},{"language":"nl-BE","value":"Rinitis"}]},{"code":"91175000","designation":[{"language":"en","value":"Seizure"},{"language":"fr-BE","value":"Crise épileptique"},{"language":"nl-BE","value":"Epileptische aanval"}]},{"code":"76067001","designation":[{"language":"en","value":"Sneezing"},{"language":"fr-BE","value":"Eternuement"},{"language":"nl-BE","value":"Niezen"}]},{"code":"73442001","designation":[{"language":"en","value":"Stevens-Johnson syndrome"},{"language":"fr-BE","value":"Syndrome de Stevens-Johnson"},{"language":"nl-BE","value":"Stevens-Johnson syndroom"}]},{"code":"23924001","designation":[{"language":"en","value":"Tight chest"},{"language":"fr-BE","value":"Oppression thoracique"},{"language":"nl-BE","value":"beklemmende borst"}]},{"code":"126485001","designation":[{"language":"en","value":"Urticaria"},{"language":"fr-BE","value":"Urticaire"},{"language":"nl-BE","value":"netelroos"}]},{"code":"31996006","designation":[{"language":"en","value":"Vasculitis"},{"language":"fr-BE","value":"Vascularite"},{"language":"nl-BE","value":"Vasculitis"}]},{"code":"1985008","designation":[{"language":"en","value":"Vomitus"},{"language":"fr-BE","value":"Vomi"},{"language":"nl-BE","value":"braken"}]},{"code":"247472004","designation":[{"language":"en","value":"Weal"},{"language":"fr-BE","value":"Éruption cutanée"},{"language":"nl-BE","value":"Huiduitslag"}]}]},{"system":"http://terminology.hl7.org/CodeSystem/v3-NullFlavor","concept":[{"code":"OTH","designation":[{"language":"en","value":"Other"},{"language":"nl-BE","value":"Andere"},{"language":"fr-BE","value":"Autre"}]}]}]}}