{
  "resourceType": "CodeSystem",
  "id": "cd-fed-country",
  "text": {
    "status": "generated",
    "div": "<div xmlns=\"http://www.w3.org/1999/xhtml\"><h2>FedCountry</h2><div><p>FHIR code system definition for country codes as they are described on https://www.ehealth.fgov.be/standards/kmehr/en/tables/fedict-country-codes</p>\n</div><p>This code system https://www.ehealth.fgov.be/standards/fhir/CodeSystem/cd-fed-country defines many codes, but they are not represented here</p></div>"
  },
  "url": "https://www.ehealth.fgov.be/standards/fhir/CodeSystem/cd-fed-country",
  "version": "1.0.0",
  "name": "FedCountry",
  "title": "FedCountry",
  "status": "active",
  "experimental": false,
  "date": "2019-12-17T16:36:32+01:00",
  "publisher": "eHealth Platform",
  "contact": [
    {
      "telecom": [
        {
          "system": "other",
          "value": "http://hl7.org/Special/committees/fiwg"
        }
      ]
    }
  ],
  "description": "FHIR code system definition for country codes as they are described on https://www.ehealth.fgov.be/standards/kmehr/en/tables/fedict-country-codes",
  "jurisdiction": [
    {
      "coding": [
        {
          "system": "http://unstats.un.org/unsd/methods/m49/m49.htm",
          "code": "001"
        }
      ]
    }
  ],
  "caseSensitive": false,
  "content": "not-present"
}