{
  "resourceType": "Practitioner",
  "id": "practitioner1",
  "meta": {
    "versionId": "1",
    "lastUpdated": "2019-07-01T13:30:55.864+00:00",
    "profile": [
      "https://www.ehealth.fgov.be/standards/fhir/StructureDefinition/be-practitioner"
    ]
  },
  "text": {
    "status": "generated",
    "div": "<div xmlns=\"http://www.w3.org/1999/xhtml\">\n      <div class=\"hapiHeaderText\">Katherine<b>Pulaski</b></div>\n      <table class=\"hapiPropertyTable\">\n        <tbody>\n          <tr>\n            <td>Identifier</td>\n            <td>79121137740</td>\n          </tr>\n          <tr>\n            <td>Address</td>\n            <td>\n              <span>Grimbergen</span>\n              <span>BE </span>\n            </td>\n          </tr>\n          <tr>\n            <td>Date of birth</td>\n            <td>\n              <span>11 December 1979</span>\n            </td>\n          </tr>\n        </tbody>\n      </table>\n    </div>"
  },
  "identifier": [
    {
      "use": "official",
      "system": "https://www.ehealth.fgov.be/standards/fhir/NamingSystem/ssin",
      "value": "79121137740"
    },
    {
      "use": "official",
      "system": "https://www.ehealth.fgov.be/standards/fhir/NamingSystem/nihdi",
      "value": "18749704477"
    }
  ],
  "name": [
    {
      "use": "official",
      "family": "Pulaski",
      "given": [
        "Katherine"
      ],
      "suffix": [
        "MD"
      ]
    }
  ],
  "telecom": [
    {
      "system": "phone",
      "value": "022675198",
      "use": "work"
    },
    {
      "system": "email",
      "value": "katherine.pulaski@enterprisehospital.be",
      "use": "work"
    },
    {
      "system": "fax",
      "value": "022675209",
      "use": "work"
    }
  ],
  "address": [
    {
      "use": "home",
      "text": "Jupiterlaan 5, 1853 Grimbergen",
      "line": [
        "Jupiterlaan 5"
      ],
      "_line": [
        {
          "extension": [
            {
              "url": "http://hl7.org/fhir/StructureDefinition/iso21090-ADXP-streetName",
              "valueString": "Jupiterlaan"
            },
            {
              "url": "http://hl7.org/fhir/StructureDefinition/iso21090-ADXP-houseNumber",
              "valueString": "5"
            }
          ]
        }
      ],
      "city": "Grimbergen",
      "postalCode": "1853",
      "country": "BE"
    }
  ],
  "gender": "female",
  "birthDate": "1979-12-11"
}