{
  "resourceType": "ValueSet",
  "id": "be-allergyintolerancecode",
  "text": {
    "status": "generated",
    "div": "<div xmlns=\"http://www.w3.org/1999/xhtml\"><h2>BeAllergyIntoleranceCode</h2><div><p>Codes as communicated by NIHDI and the FOD Terminology Center differentiating types of allergy intolerance codes. This valueset supports the Belgian federal FHIR profiling effort.</p>\n</div><p>This value set includes codes from the following code systems:</p><ul><li>Import all the codes that are contained in <a href=\"valueset-be-causativeagent.html\">https://www.ehealth.fgov.be/standards/fhir/ValueSet/be-causativeagent</a></li><li>Import all the codes that are contained in <a href=\"valueset-be-noallergy.html\">https://www.ehealth.fgov.be/standards/fhir/ValueSet/be-noallergy</a></li></ul></div>"
  },
  "url": "https://www.ehealth.fgov.be/standards/fhir/ValueSet/be-allergyintolerancecode",
  "version": "1.0.0",
  "name": "BeAllergyIntoleranceCode",
  "status": "draft",
  "date": "2019-12-18T10:11:00+01:00",
  "publisher": "eHealth Platform",
  "contact": [
    {
      "telecom": [
        {
          "system": "other",
          "value": "http://hl7.org/Special/committees/fiwg"
        }
      ]
    }
  ],
  "description": "Codes as communicated by NIHDI and the FOD Terminology Center differentiating types of allergy intolerance codes. This valueset supports the Belgian federal FHIR profiling effort.",
  "jurisdiction": [
    {
      "coding": [
        {
          "system": "http://unstats.un.org/unsd/methods/m49/m49.htm",
          "code": "001"
        }
      ]
    }
  ],
  "compose": {
    "include": [
      {
        "valueSet": [
          "https://www.ehealth.fgov.be/standards/fhir/ValueSet/be-causativeagent"
        ]
      },
      {
        "valueSet": [
          "https://www.ehealth.fgov.be/standards/fhir/ValueSet/be-noallergy"
        ]
      }
    ]
  }
}