{
  "resourceType": "ValueSet",
  "id": "be-riskmanifestation",
  "text": {
    "status": "generated",
    "div": "<div xmlns=\"http://www.w3.org/1999/xhtml\"><h2>BeRiskManifestation</h2><div><p>Codes as communicated by NIHDI and the FPS Terminology Center differentiating types of risk manifestation. This valueset supports the Belgian federal FHIR profiling effort.</p>\n</div><p>This value set includes codes from the following code systems:</p><ul><li>Include these codes as defined in <a href=\"http://www.snomed.org/\"><code>http://snomed.info/sct</code></a><table class=\"none\"><tr><td style=\"white-space:nowrap\"><b>Code</b></td><td><b>Display</b></td></tr><tr><td><a href=\"http://browser.ihtsdotools.org/?perspective=full&amp;conceptId1=473460002\">473460002</a></td><td>Allergic conjunctivitis (disorder)</td><td/></tr><tr><td><a href=\"http://browser.ihtsdotools.org/?perspective=full&amp;conceptId1=39579001\">39579001</a></td><td>Anaphylaxis (disorder)</td><td/></tr><tr><td><a href=\"http://browser.ihtsdotools.org/?perspective=full&amp;conceptId1=41291007\">41291007</a></td><td>Angioedema (disorder)</td><td/></tr><tr><td><a href=\"http://browser.ihtsdotools.org/?perspective=full&amp;conceptId1=195967001\">195967001</a></td><td>Asthma (disorder)</td><td/></tr><tr><td><a href=\"http://browser.ihtsdotools.org/?perspective=full&amp;conceptId1=24079001\">24079001</a></td><td>Atopic dermatitis (disorder)</td><td/></tr><tr><td><a href=\"http://browser.ihtsdotools.org/?perspective=full&amp;conceptId1=4386001\">4386001</a></td><td>Bronchospasm (finding)</td><td/></tr><tr><td><a href=\"http://browser.ihtsdotools.org/?perspective=full&amp;conceptId1=271759003\">271759003</a></td><td>Bullous eruption (disorder)</td><td/></tr><tr><td><a href=\"http://browser.ihtsdotools.org/?perspective=full&amp;conceptId1=698247007\">698247007</a></td><td>Cardiac arrhythmia (disorder)</td><td/></tr><tr><td><a href=\"http://browser.ihtsdotools.org/?perspective=full&amp;conceptId1=410430005\">410430005</a></td><td>Cardiorespiratory arrest (disorder)</td><td/></tr><tr><td><a href=\"http://browser.ihtsdotools.org/?perspective=full&amp;conceptId1=9826008\">9826008</a></td><td>Conjunctivitis (disorder)</td><td/></tr><tr><td><a href=\"http://browser.ihtsdotools.org/?perspective=full&amp;conceptId1=40275004\">40275004</a></td><td>Contact dermatitis (disorder)</td><td/></tr><tr><td><a href=\"http://browser.ihtsdotools.org/?perspective=full&amp;conceptId1=49727002\">49727002</a></td><td>Cough (finding)</td><td/></tr><tr><td><a href=\"http://browser.ihtsdotools.org/?perspective=full&amp;conceptId1=62315008\">62315008</a></td><td>Diarrhea (finding)</td><td/></tr><tr><td><a href=\"http://browser.ihtsdotools.org/?perspective=full&amp;conceptId1=702809001\">702809001</a></td><td>Drug reaction with eosinophilia and systemic symptoms (disorder)</td><td/></tr><tr><td><a href=\"http://browser.ihtsdotools.org/?perspective=full&amp;conceptId1=297942002\">297942002</a></td><td>Drug-induced erythema multiforme (disorder)</td><td/></tr><tr><td><a href=\"http://browser.ihtsdotools.org/?perspective=full&amp;conceptId1=162290004\">162290004</a></td><td>Dry eyes (finding)</td><td/></tr><tr><td><a href=\"http://browser.ihtsdotools.org/?perspective=full&amp;conceptId1=267036007\">267036007</a></td><td>Dyspnea (finding)</td><td/></tr><tr><td><a href=\"http://browser.ihtsdotools.org/?perspective=full&amp;conceptId1=43116000\">43116000</a></td><td>Eczema (disorder)</td><td/></tr><tr><td><a href=\"http://browser.ihtsdotools.org/?perspective=full&amp;conceptId1=51599000\">51599000</a></td><td>Edema of larynx (disorder)</td><td/></tr><tr><td><a href=\"http://browser.ihtsdotools.org/?perspective=full&amp;conceptId1=271807003\">271807003</a></td><td>Eruption of skin (disorder)</td><td/></tr><tr><td><a href=\"http://browser.ihtsdotools.org/?perspective=full&amp;conceptId1=386661006\">386661006</a></td><td>Fever (finding)</td><td/></tr><tr><td><a href=\"http://browser.ihtsdotools.org/?perspective=full&amp;conceptId1=418363000\">418363000</a></td><td>Itching of skin (finding)</td><td/></tr><tr><td><a href=\"http://browser.ihtsdotools.org/?perspective=full&amp;conceptId1=768962006\">768962006</a></td><td>Lyell syndrome (disorder)</td><td/></tr><tr><td><a href=\"http://browser.ihtsdotools.org/?perspective=full&amp;conceptId1=422587007\">422587007</a></td><td>Nausea (finding)</td><td/></tr><tr><td><a href=\"http://browser.ihtsdotools.org/?perspective=full&amp;conceptId1=16932000\">16932000</a></td><td>Nausea and vomiting (disorder)</td><td/></tr><tr><td><a href=\"http://browser.ihtsdotools.org/?perspective=full&amp;conceptId1=359610006\">359610006</a></td><td>Ocular hyperemia (disorder)</td><td/></tr><tr><td><a href=\"http://browser.ihtsdotools.org/?perspective=full&amp;conceptId1=271757001\">271757001</a></td><td>Papular eruption (disorder)</td><td/></tr><tr><td><a href=\"http://browser.ihtsdotools.org/?perspective=full&amp;conceptId1=70076002\">70076002</a></td><td>Rhinitis (disorder)</td><td/></tr><tr><td><a href=\"http://browser.ihtsdotools.org/?perspective=full&amp;conceptId1=91175000\">91175000</a></td><td>Seizure (finding)</td><td/></tr><tr><td><a href=\"http://browser.ihtsdotools.org/?perspective=full&amp;conceptId1=76067001\">76067001</a></td><td>Sneezing (finding)</td><td/></tr><tr><td><a href=\"http://browser.ihtsdotools.org/?perspective=full&amp;conceptId1=73442001\">73442001</a></td><td>Stevens-Johnson syndrome (disorder)</td><td/></tr><tr><td><a href=\"http://browser.ihtsdotools.org/?perspective=full&amp;conceptId1=23924001\">23924001</a></td><td>Tight chest (finding)</td><td/></tr><tr><td><a href=\"http://browser.ihtsdotools.org/?perspective=full&amp;conceptId1=490008\">490008</a></td><td>Upper respiratory tract hypersensitivity reaction (disorder)</td><td/></tr><tr><td><a href=\"http://browser.ihtsdotools.org/?perspective=full&amp;conceptId1=126485001\">126485001</a></td><td>Urticaria (disorder)</td><td/></tr><tr><td><a href=\"http://browser.ihtsdotools.org/?perspective=full&amp;conceptId1=31996006\">31996006</a></td><td>Vasculitis (disorder)</td><td/></tr><tr><td><a href=\"http://browser.ihtsdotools.org/?perspective=full&amp;conceptId1=422400008\">422400008</a></td><td>Vomiting (disorder)</td><td/></tr><tr><td><a href=\"http://browser.ihtsdotools.org/?perspective=full&amp;conceptId1=247472004\">247472004</a></td><td>Weal (disorder)</td><td/></tr></table></li></ul><p><b>Additional Language Displays</b></p><table class=\"codes\"><tr><td><b>Code</b></td><td><b>English (English, en)</b></td><td><b>French (Belgium) (fr)</b></td><td><b>Nederlands (België) (Dutch (Belgium), nl)</b></td></tr><tr><td>473460002</td><td>Allergic conjunctivitis</td><td>conjonctivite allergique</td><td>allergische conjunctivitis</td></tr><tr><td>39579001</td><td>Anaphylaxis</td><td>anaphylaxie</td><td>anafylaxie</td></tr><tr><td>41291007</td><td>Angioedema</td><td>angiœdème</td><td>angio-oedeem</td></tr><tr><td>195967001</td><td>Asthma</td><td>asthme</td><td>astma</td></tr><tr><td>24079001</td><td>Atopic dermatitis</td><td>dermatite atopique</td><td>atopische dermatitis</td></tr><tr><td>4386001</td><td>Bronchospasm</td><td>bronchospasme</td><td>bronchospasme</td></tr><tr><td>271759003</td><td>Bullous eruption</td><td>éruption bulleuse</td><td>bulleuse huideruptie</td></tr><tr><td>698247007</td><td>Cardiac arrhythmia</td><td>arythmie cardique</td><td>hartritmestoornis</td></tr><tr><td>410430005</td><td>Cardiorespiratory arrest</td><td>arrêt cardiorespiratoire</td><td>cardiopulmonale stilstand</td></tr><tr><td>9826008</td><td>Conjunctivitis</td><td>conjonctivite</td><td>conjunctivitis</td></tr><tr><td>40275004</td><td>Contact dermatitis</td><td>dermatite de contact</td><td>contactdermatitis</td></tr><tr><td>49727002</td><td>Cough</td><td>toux</td><td>hoesten</td></tr><tr><td>62315008</td><td>Diarrhea</td><td>diarrhée</td><td>diarree</td></tr><tr><td>702809001</td><td>Drug reaction with eosinophilia and systemic symptoms</td><td>réaction médicamenteuse avec éosinophilie et symptômes systémiques</td><td>geneesmiddelexantheem met eosinofilie en systemische symptomen</td></tr><tr><td>297942002</td><td>Drug-induced erythema multiforme</td><td>érythème polymorphe d'origine médicamenteuse</td><td>geneesmiddelengeïnduceerde erythema multiforme</td></tr><tr><td>162290004</td><td>Dry eyes</td><td>sècheresse oculaire</td><td>droge ogen</td></tr><tr><td>267036007</td><td>Dyspnea</td><td>dyspnée</td><td>dyspneu</td></tr><tr><td>43116000</td><td>Eczema</td><td>eczéma</td><td>eczeem</td></tr><tr><td>51599000</td><td>Edema of larynx</td><td>œdème du larynx</td><td>larynxoedeem</td></tr><tr><td>271807003</td><td>Eruption</td><td>éruption cutanée</td><td>huideruptie</td></tr><tr><td>386661006</td><td>Fever</td><td>fièvre</td><td>koorts</td></tr><tr><td>418363000</td><td>Itching of skin</td><td>prurit de la peau</td><td>jeuk van huid</td></tr><tr><td>768962006</td><td>Lyell syndrome</td><td>nécrolyse épidermique toxique</td><td>toxische epidermale necrolyse</td></tr><tr><td>422587007</td><td>Nausea</td><td>nausées</td><td>nausea</td></tr><tr><td>16932000</td><td>Nausea and vomiting</td><td>nausées et vomissements</td><td>nausea en braken</td></tr><tr><td>359610006</td><td>Ocular hyperemia</td><td>hyperémie oculaire</td><td>oculaire hyperemie</td></tr><tr><td>271757001</td><td>Papular eruption</td><td>éruption papuleuse</td><td>papulaire huideruptie</td></tr><tr><td>70076002</td><td>Rhinitis</td><td>rhinite</td><td>rinitis</td></tr><tr><td>91175000</td><td>Seizure</td><td>convulsion</td><td>convulsie</td></tr><tr><td>76067001</td><td>Sneezing</td><td>éternuement</td><td>niezen</td></tr><tr><td>73442001</td><td>Stevens-Johnson syndrome</td><td>syndrome de Stevens-Johnson</td><td>syndroom van Stevens-Johnson</td></tr><tr><td>23924001</td><td>Tight chest</td><td>oppression thoracique</td><td>drukkend gevoel op de borst</td></tr><tr><td>490008</td><td>Upper respiratory tract hypersensitivity reaction</td><td>réaction d'hypersensibilité des voies respiratoires supérieures</td><td>overgevoeligheidsreactie van bovenste luchtwegen</td></tr><tr><td>126485001</td><td>Urticaria</td><td>urticaire</td><td>urticaria</td></tr><tr><td>31996006</td><td>Vasculitis</td><td>vasculite</td><td>vasculitis</td></tr><tr><td>422400008</td><td>Vomiting</td><td>vomissements</td><td>braken</td></tr><tr><td>247472004</td><td>Weal</td><td>éruption urticaire</td><td>urticaire rash</td></tr></table></div>"
  },
  "url": "https://www.ehealth.fgov.be/standards/fhir/ValueSet/be-riskmanifestation",
  "version": "1.0.0",
  "name": "BeRiskManifestation",
  "status": "draft",
  "date": "2019-12-17T16:36:32+01:00",
  "publisher": "eHealth Platform",
  "contact": [
    {
      "telecom": [
        {
          "system": "other",
          "value": "http://hl7.org/Special/committees/fiwg"
        }
      ]
    }
  ],
  "description": "Codes as communicated by NIHDI and the FPS Terminology Center differentiating types of risk manifestation. This valueset supports the Belgian federal FHIR profiling effort.",
  "jurisdiction": [
    {
      "coding": [
        {
          "system": "http://unstats.un.org/unsd/methods/m49/m49.htm",
          "code": "001"
        }
      ]
    }
  ],
  "compose": {
    "include": [
      {
        "system": "http://snomed.info/sct",
        "concept": [
          {
            "code": "473460002",
            "display": "Allergic conjunctivitis (disorder)",
            "designation": [
              {
                "use": {
                  "system": "http://snomed.info/sct",
                  "code": "900000000000003001",
                  "display": "Fully specified name"
                },
                "value": "Allergic conjunctivitis (disorder)"
              },
              {
                "language": "en",
                "value": "Allergic conjunctivitis"
              },
              {
                "language": "nl-BE",
                "value": "allergische conjunctivitis"
              },
              {
                "language": "fr-BE",
                "value": "conjonctivite allergique"
              }
            ]
          },
          {
            "code": "39579001",
            "display": "Anaphylaxis (disorder)",
            "designation": [
              {
                "use": {
                  "system": "http://snomed.info/sct",
                  "code": "900000000000003001",
                  "display": "Fully specified name"
                },
                "value": "Anaphylaxis (disorder)"
              },
              {
                "language": "en",
                "value": "Anaphylaxis"
              },
              {
                "language": "nl-BE",
                "value": "anafylaxie"
              },
              {
                "language": "fr-BE",
                "value": "anaphylaxie"
              }
            ]
          },
          {
            "code": "41291007",
            "display": "Angioedema (disorder)",
            "designation": [
              {
                "use": {
                  "system": "http://snomed.info/sct",
                  "code": "900000000000003001",
                  "display": "Fully specified name"
                },
                "value": "Angioedema (disorder)"
              },
              {
                "language": "en",
                "value": "Angioedema"
              },
              {
                "language": "nl-BE",
                "value": "angio-oedeem"
              },
              {
                "language": "fr-BE",
                "value": "angiœdème"
              }
            ]
          },
          {
            "code": "195967001",
            "display": "Asthma (disorder)",
            "designation": [
              {
                "use": {
                  "system": "http://snomed.info/sct",
                  "code": "900000000000003001",
                  "display": "Fully specified name"
                },
                "value": "Asthma (disorder)"
              },
              {
                "language": "en",
                "value": "Asthma"
              },
              {
                "language": "nl-BE",
                "value": "astma"
              },
              {
                "language": "fr-BE",
                "value": "asthme"
              }
            ]
          },
          {
            "code": "24079001",
            "display": "Atopic dermatitis (disorder)",
            "designation": [
              {
                "use": {
                  "system": "http://snomed.info/sct",
                  "code": "900000000000003001",
                  "display": "Fully specified name"
                },
                "value": "Atopic dermatitis (disorder)"
              },
              {
                "language": "en",
                "value": "Atopic dermatitis"
              },
              {
                "language": "nl-BE",
                "value": "atopische dermatitis"
              },
              {
                "language": "fr-BE",
                "value": "dermatite atopique"
              }
            ]
          },
          {
            "code": "4386001",
            "display": "Bronchospasm (finding)",
            "designation": [
              {
                "use": {
                  "system": "http://snomed.info/sct",
                  "code": "900000000000003001",
                  "display": "Fully specified name"
                },
                "value": "Bronchospasm (finding)"
              },
              {
                "language": "en",
                "value": "Bronchospasm"
              },
              {
                "language": "nl-BE",
                "value": "bronchospasme"
              },
              {
                "language": "fr-BE",
                "value": "bronchospasme"
              }
            ]
          },
          {
            "code": "271759003",
            "display": "Bullous eruption (disorder)",
            "designation": [
              {
                "use": {
                  "system": "http://snomed.info/sct",
                  "code": "900000000000003001",
                  "display": "Fully specified name"
                },
                "value": "Bullous eruption (disorder)"
              },
              {
                "language": "en",
                "value": "Bullous eruption"
              },
              {
                "language": "nl-BE",
                "value": "bulleuse huideruptie"
              },
              {
                "language": "fr-BE",
                "value": "éruption bulleuse"
              }
            ]
          },
          {
            "code": "698247007",
            "display": "Cardiac arrhythmia (disorder)",
            "designation": [
              {
                "use": {
                  "system": "http://snomed.info/sct",
                  "code": "900000000000003001",
                  "display": "Fully specified name"
                },
                "value": "Cardiac arrhythmia (disorder)"
              },
              {
                "language": "en",
                "value": "Cardiac arrhythmia"
              },
              {
                "language": "nl-BE",
                "value": "hartritmestoornis"
              },
              {
                "language": "fr-BE",
                "value": "arythmie cardique"
              }
            ]
          },
          {
            "code": "410430005",
            "display": "Cardiorespiratory arrest (disorder)",
            "designation": [
              {
                "use": {
                  "system": "http://snomed.info/sct",
                  "code": "900000000000003001",
                  "display": "Fully specified name"
                },
                "value": "Cardiorespiratory arrest (disorder)"
              },
              {
                "language": "en",
                "value": "Cardiorespiratory arrest"
              },
              {
                "language": "nl-BE",
                "value": "cardiopulmonale stilstand"
              },
              {
                "language": "fr-BE",
                "value": "arrêt cardiorespiratoire"
              }
            ]
          },
          {
            "code": "9826008",
            "display": "Conjunctivitis (disorder)",
            "designation": [
              {
                "use": {
                  "system": "http://snomed.info/sct",
                  "code": "900000000000003001",
                  "display": "Fully specified name"
                },
                "value": "Conjunctivitis (disorder)"
              },
              {
                "language": "en",
                "value": "Conjunctivitis"
              },
              {
                "language": "nl-BE",
                "value": "conjunctivitis"
              },
              {
                "language": "fr-BE",
                "value": "conjonctivite"
              }
            ]
          },
          {
            "code": "40275004",
            "display": "Contact dermatitis (disorder)",
            "designation": [
              {
                "use": {
                  "system": "http://snomed.info/sct",
                  "code": "900000000000003001",
                  "display": "Fully specified name"
                },
                "value": "Contact dermatitis (disorder)"
              },
              {
                "language": "en",
                "value": "Contact dermatitis"
              },
              {
                "language": "nl-BE",
                "value": "contactdermatitis"
              },
              {
                "language": "fr-BE",
                "value": "dermatite de contact"
              }
            ]
          },
          {
            "code": "49727002",
            "display": "Cough (finding)",
            "designation": [
              {
                "use": {
                  "system": "http://snomed.info/sct",
                  "code": "900000000000003001",
                  "display": "Fully specified name"
                },
                "value": "Cough (finding)"
              },
              {
                "language": "en",
                "value": "Cough"
              },
              {
                "language": "nl-BE",
                "value": "hoesten"
              },
              {
                "language": "fr-BE",
                "value": "toux"
              }
            ]
          },
          {
            "code": "62315008",
            "display": "Diarrhea (finding)",
            "designation": [
              {
                "use": {
                  "system": "http://snomed.info/sct",
                  "code": "900000000000003001",
                  "display": "Fully specified name"
                },
                "value": "Diarrhea (finding)"
              },
              {
                "language": "en",
                "value": "Diarrhea"
              },
              {
                "language": "nl-BE",
                "value": "diarree"
              },
              {
                "language": "fr-BE",
                "value": "diarrhée"
              }
            ]
          },
          {
            "code": "702809001",
            "display": "Drug reaction with eosinophilia and systemic symptoms (disorder)",
            "designation": [
              {
                "use": {
                  "system": "http://snomed.info/sct",
                  "code": "900000000000003001",
                  "display": "Fully specified name"
                },
                "value": "Drug reaction with eosinophilia and systemic symptoms (disorder)"
              },
              {
                "language": "en",
                "value": "Drug reaction with eosinophilia and systemic symptoms"
              },
              {
                "language": "nl-BE",
                "value": "geneesmiddelexantheem met eosinofilie en systemische symptomen"
              },
              {
                "language": "fr-BE",
                "value": "réaction médicamenteuse avec éosinophilie et symptômes systémiques"
              }
            ]
          },
          {
            "code": "297942002",
            "display": "Drug-induced erythema multiforme (disorder)",
            "designation": [
              {
                "use": {
                  "system": "http://snomed.info/sct",
                  "code": "900000000000003001",
                  "display": "Fully specified name"
                },
                "value": "Drug-induced erythema multiforme (disorder)"
              },
              {
                "language": "en",
                "value": "Drug-induced erythema multiforme"
              },
              {
                "language": "nl-BE",
                "value": "geneesmiddelengeïnduceerde erythema multiforme"
              },
              {
                "language": "fr-BE",
                "value": "érythème polymorphe d'origine médicamenteuse"
              }
            ]
          },
          {
            "code": "162290004",
            "display": "Dry eyes (finding)",
            "designation": [
              {
                "use": {
                  "system": "http://snomed.info/sct",
                  "code": "900000000000003001",
                  "display": "Fully specified name"
                },
                "value": "Dry eyes (finding)"
              },
              {
                "language": "en",
                "value": "Dry eyes"
              },
              {
                "language": "nl-BE",
                "value": "droge ogen"
              },
              {
                "language": "fr-BE",
                "value": "sècheresse oculaire"
              }
            ]
          },
          {
            "code": "267036007",
            "display": "Dyspnea (finding)",
            "designation": [
              {
                "use": {
                  "system": "http://snomed.info/sct",
                  "code": "900000000000003001",
                  "display": "Fully specified name"
                },
                "value": "Dyspnea (finding)"
              },
              {
                "language": "en",
                "value": "Dyspnea"
              },
              {
                "language": "nl-BE",
                "value": "dyspneu"
              },
              {
                "language": "fr-BE",
                "value": "dyspnée"
              }
            ]
          },
          {
            "code": "43116000",
            "display": "Eczema (disorder)",
            "designation": [
              {
                "use": {
                  "system": "http://snomed.info/sct",
                  "code": "900000000000003001",
                  "display": "Fully specified name"
                },
                "value": "Eczema (disorder)"
              },
              {
                "language": "en",
                "value": "Eczema"
              },
              {
                "language": "nl-BE",
                "value": "eczeem"
              },
              {
                "language": "fr-BE",
                "value": "eczéma"
              }
            ]
          },
          {
            "code": "51599000",
            "display": "Edema of larynx (disorder)",
            "designation": [
              {
                "use": {
                  "system": "http://snomed.info/sct",
                  "code": "900000000000003001",
                  "display": "Fully specified name"
                },
                "value": "Edema of larynx (disorder)"
              },
              {
                "language": "en",
                "value": "Edema of larynx"
              },
              {
                "language": "nl-BE",
                "value": "larynxoedeem"
              },
              {
                "language": "fr-BE",
                "value": "œdème du larynx"
              }
            ]
          },
          {
            "code": "271807003",
            "display": "Eruption of skin (disorder)",
            "designation": [
              {
                "use": {
                  "system": "http://snomed.info/sct",
                  "code": "900000000000003001",
                  "display": "Fully specified name"
                },
                "value": "Eruption of skin (disorder)"
              },
              {
                "language": "en",
                "value": "Eruption"
              },
              {
                "language": "nl-BE",
                "value": "huideruptie"
              },
              {
                "language": "fr-BE",
                "value": "éruption cutanée"
              }
            ]
          },
          {
            "code": "386661006",
            "display": "Fever (finding)",
            "designation": [
              {
                "use": {
                  "system": "http://snomed.info/sct",
                  "code": "900000000000003001",
                  "display": "Fully specified name"
                },
                "value": "Fever (finding)"
              },
              {
                "language": "en",
                "value": "Fever"
              },
              {
                "language": "nl-BE",
                "value": "koorts"
              },
              {
                "language": "fr-BE",
                "value": "fièvre"
              }
            ]
          },
          {
            "code": "418363000",
            "display": "Itching of skin (finding)",
            "designation": [
              {
                "use": {
                  "system": "http://snomed.info/sct",
                  "code": "900000000000003001",
                  "display": "Fully specified name"
                },
                "value": "Itching of skin (finding)"
              },
              {
                "language": "en",
                "value": "Itching of skin"
              },
              {
                "language": "nl-BE",
                "value": "jeuk van huid"
              },
              {
                "language": "fr-BE",
                "value": "prurit de la peau"
              }
            ]
          },
          {
            "code": "768962006",
            "display": "Lyell syndrome (disorder)",
            "designation": [
              {
                "use": {
                  "system": "http://snomed.info/sct",
                  "code": "900000000000003001",
                  "display": "Fully specified name"
                },
                "value": "Lyell syndrome (disorder)"
              },
              {
                "language": "en",
                "value": "Lyell syndrome"
              },
              {
                "language": "nl-BE",
                "value": "toxische epidermale necrolyse"
              },
              {
                "language": "fr-BE",
                "value": "nécrolyse épidermique toxique"
              }
            ]
          },
          {
            "code": "422587007",
            "display": "Nausea (finding)",
            "designation": [
              {
                "use": {
                  "system": "http://snomed.info/sct",
                  "code": "900000000000003001",
                  "display": "Fully specified name"
                },
                "value": "Nausea (finding)"
              },
              {
                "language": "en",
                "value": "Nausea"
              },
              {
                "language": "nl-BE",
                "value": "nausea"
              },
              {
                "language": "fr-BE",
                "value": "nausées"
              }
            ]
          },
          {
            "code": "16932000",
            "display": "Nausea and vomiting (disorder)",
            "designation": [
              {
                "use": {
                  "system": "http://snomed.info/sct",
                  "code": "900000000000003001",
                  "display": "Fully specified name"
                },
                "value": "Nausea and vomiting (disorder)"
              },
              {
                "language": "en",
                "value": "Nausea and vomiting"
              },
              {
                "language": "nl-BE",
                "value": "nausea en braken"
              },
              {
                "language": "fr-BE",
                "value": "nausées et vomissements"
              }
            ]
          },
          {
            "code": "359610006",
            "display": "Ocular hyperemia (disorder)",
            "designation": [
              {
                "use": {
                  "system": "http://snomed.info/sct",
                  "code": "900000000000003001",
                  "display": "Fully specified name"
                },
                "value": "Ocular hyperemia (disorder)"
              },
              {
                "language": "en",
                "value": "Ocular hyperemia"
              },
              {
                "language": "nl-BE",
                "value": "oculaire hyperemie"
              },
              {
                "language": "fr-BE",
                "value": "hyperémie oculaire"
              }
            ]
          },
          {
            "code": "271757001",
            "display": "Papular eruption (disorder)",
            "designation": [
              {
                "use": {
                  "system": "http://snomed.info/sct",
                  "code": "900000000000003001",
                  "display": "Fully specified name"
                },
                "value": "Papular eruption (disorder)"
              },
              {
                "language": "en",
                "value": "Papular eruption"
              },
              {
                "language": "nl-BE",
                "value": "papulaire huideruptie"
              },
              {
                "language": "fr-BE",
                "value": "éruption papuleuse"
              }
            ]
          },
          {
            "code": "70076002",
            "display": "Rhinitis (disorder)",
            "designation": [
              {
                "use": {
                  "system": "http://snomed.info/sct",
                  "code": "900000000000003001",
                  "display": "Fully specified name"
                },
                "value": "Rhinitis (disorder)"
              },
              {
                "language": "en",
                "value": "Rhinitis"
              },
              {
                "language": "nl-BE",
                "value": "rinitis"
              },
              {
                "language": "fr-BE",
                "value": "rhinite"
              }
            ]
          },
          {
            "code": "91175000",
            "display": "Seizure (finding)",
            "designation": [
              {
                "use": {
                  "system": "http://snomed.info/sct",
                  "code": "900000000000003001",
                  "display": "Fully specified name"
                },
                "value": "Seizure (finding)"
              },
              {
                "language": "en",
                "value": "Seizure"
              },
              {
                "language": "nl-BE",
                "value": "convulsie"
              },
              {
                "language": "fr-BE",
                "value": "convulsion"
              }
            ]
          },
          {
            "code": "76067001",
            "display": "Sneezing (finding)",
            "designation": [
              {
                "use": {
                  "system": "http://snomed.info/sct",
                  "code": "900000000000003001",
                  "display": "Fully specified name"
                },
                "value": "Sneezing (finding)"
              },
              {
                "language": "en",
                "value": "Sneezing"
              },
              {
                "language": "nl-BE",
                "value": "niezen"
              },
              {
                "language": "fr-BE",
                "value": "éternuement"
              }
            ]
          },
          {
            "code": "73442001",
            "display": "Stevens-Johnson syndrome (disorder)",
            "designation": [
              {
                "use": {
                  "system": "http://snomed.info/sct",
                  "code": "900000000000003001",
                  "display": "Fully specified name"
                },
                "value": "Stevens-Johnson syndrome (disorder)"
              },
              {
                "language": "en",
                "value": "Stevens-Johnson syndrome"
              },
              {
                "language": "nl-BE",
                "value": "syndroom van Stevens-Johnson"
              },
              {
                "language": "fr-BE",
                "value": "syndrome de Stevens-Johnson"
              }
            ]
          },
          {
            "code": "23924001",
            "display": "Tight chest (finding)",
            "designation": [
              {
                "use": {
                  "system": "http://snomed.info/sct",
                  "code": "900000000000003001",
                  "display": "Fully specified name"
                },
                "value": "Tight chest (finding)"
              },
              {
                "language": "en",
                "value": "Tight chest"
              },
              {
                "language": "nl-BE",
                "value": "drukkend gevoel op de borst"
              },
              {
                "language": "fr-BE",
                "value": "oppression thoracique"
              }
            ]
          },
          {
            "code": "490008",
            "display": "Upper respiratory tract hypersensitivity reaction (disorder)",
            "designation": [
              {
                "use": {
                  "system": "http://snomed.info/sct",
                  "code": "900000000000003001",
                  "display": "Fully specified name"
                },
                "value": "Upper respiratory tract hypersensitivity reaction (disorder)"
              },
              {
                "language": "en",
                "value": "Upper respiratory tract hypersensitivity reaction"
              },
              {
                "language": "nl-BE",
                "value": "overgevoeligheidsreactie van bovenste luchtwegen"
              },
              {
                "language": "fr-BE",
                "value": "réaction d'hypersensibilité des voies respiratoires supérieures"
              }
            ]
          },
          {
            "code": "126485001",
            "display": "Urticaria (disorder)",
            "designation": [
              {
                "use": {
                  "system": "http://snomed.info/sct",
                  "code": "900000000000003001",
                  "display": "Fully specified name"
                },
                "value": "Urticaria (disorder)"
              },
              {
                "language": "en",
                "value": "Urticaria"
              },
              {
                "language": "nl-BE",
                "value": "urticaria"
              },
              {
                "language": "fr-BE",
                "value": "urticaire"
              }
            ]
          },
          {
            "code": "31996006",
            "display": "Vasculitis (disorder)",
            "designation": [
              {
                "use": {
                  "system": "http://snomed.info/sct",
                  "code": "900000000000003001",
                  "display": "Fully specified name"
                },
                "value": "Vasculitis (disorder)"
              },
              {
                "language": "en",
                "value": "Vasculitis"
              },
              {
                "language": "nl-BE",
                "value": "vasculitis"
              },
              {
                "language": "fr-BE",
                "value": "vasculite"
              }
            ]
          },
          {
            "code": "422400008",
            "display": "Vomiting (disorder)",
            "designation": [
              {
                "use": {
                  "system": "http://snomed.info/sct",
                  "code": "900000000000003001",
                  "display": "Fully specified name"
                },
                "value": "Vomiting (disorder)"
              },
              {
                "language": "en",
                "value": "Vomiting"
              },
              {
                "language": "nl-BE",
                "value": "braken"
              },
              {
                "language": "fr-BE",
                "value": "vomissements"
              }
            ]
          },
          {
            "code": "247472004",
            "display": "Weal (disorder)",
            "designation": [
              {
                "use": {
                  "system": "http://snomed.info/sct",
                  "code": "900000000000003001",
                  "display": "Fully specified name"
                },
                "value": "Weal (disorder)"
              },
              {
                "language": "en",
                "value": "Weal"
              },
              {
                "language": "nl-BE",
                "value": "urticaire rash"
              },
              {
                "language": "fr-BE",
                "value": "éruption urticaire"
              }
            ]
          }
        ]
      }
    ]
  }
}